rank,domain,health_score
1,nih.gov,0.944
2,cdc.gov,0.994
3,webmd.com,1.000
4,healthline.com,1.000
5,sciencedaily.com,0.950
6,illuminateed.com,0.870
7,clevelandclinic.org,0.984
8,www.nhs.uk,0.989
9,medicalnewstoday.com,1.000
10,medlineplus.gov,0.999
11,walgreens.com,0.898
12,cancer.gov,0.987
13,clinicaltrials.gov,0.860
14,cms.gov,0.866
15,owhealth.com,0.986
16,womenshealthmag.com,0.896
17,aetna.com,0.944
18,news-medical.net,1.000
19,medrxiv.org,1.000
20,pointclickcare.com,0.858
21,betterhelp.com,0.988
22,mumsnet.com,0.857
23,whoop.com,0.916
24,alz.org,0.975
25,webpt.com,0.968
26,stylevana.com,0.989
27,invisalign.com,1.000
28,statnews.com,0.872
29,headspace.com,0.997
30,apollopharmacy.in,1.000
31,ifit.com,0.921
32,ketogo.app,0.997
33,lifehack.org,0.919
34,nice.org.uk,0.966
35,bountystory.site,0.998
36,livestrong.com,0.943
37,sleepnumber.com,0.852
38,eyemedvisioncare.com,0.860
39,988lifeline.org,0.982
40,health.gov,0.978
41,ada.org,0.939
42,aad.org,0.901
43,healthychildren.org,1.000
44,mindbodygreen.com,0.975
45,lung.org,0.997
46,admissions.nic.in,0.857
47,hcn.health,1.000
48,plannedparenthood.org,0.977
49,prevention.com,0.998
50,cochrane.org,0.989
51,england.nhs.uk,0.973
52,questdiagnostics.com,0.993
53,acog.org,0.992
54,aligntech.com,0.931
55,astrazeneca.com,0.913
56,ohsu.edu,0.996
57,labcorp.com,0.993
58,simplypsychology.org,0.977
59,mercola.com,0.978
60,upmc.com,0.999
61,explodingtopics.com,0.862
62,myiq.com,0.926
63,mskcc.org,0.950
64,healthdirect.gov.au,1.000
65,cvshealth.com,0.978
66,medpagetoday.com,1.000
67,dovepress.com,1.000
68,chop.edu,0.959
69,positivepsychology.com,0.927
70,whattoexpect.com,0.992
71,drugabuse.gov,0.965
72,doximity.com,0.933
73,fragrancenet.com,0.874
74,healio.com,1.000
75,colgate.com,0.999
76,suicidepreventionlifeline.org,0.982
77,withings.com,0.956
78,cureus.com,0.998
79,providence.org,0.994
80,mdanderson.org,0.999
81,asha.org,0.855
82,pharmeasy.in,0.999
83,gamblersanonymous.org,0.856
84,loseit.com,0.959
85,discoverpilgrim.com,0.978
86,lumosity.com,0.905
87,amboss.com,0.888
88,mayoclinic.com,0.989
89,epic.com,0.977
90,patient.info,1.000
91,clicks.co.za,0.978
92,researchsquare.com,0.935
93,womenshealth.gov,1.000
94,massgeneral.org,0.999
95,thriveglobal.com,0.983
96,acc.org,0.967
97,cqc.org.uk,0.941
98,consensus.app,0.956
99,leap.app,0.978
100,aa.org,0.900
101,rvohealth.com,0.914
102,bcm.edu,0.959
103,sharecare.com,1.000
104,alzheimers.org.uk,0.951
105,draxe.com,0.980
106,yazio.com,0.891
107,healthplix.com,0.890
108,medicaldaily.com,1.000
109,ncoa.org,0.856
110,rxlist.com,0.999
111,gharsoaps.shop,0.907
112,evidation.com,0.900
113,greatist.com,0.997
114,ottai.com,0.970
115,terrayou.com,0.958
116,myprotein.com,0.991
117,cmaj.ca,0.990
118,flo.health,0.986
119,santepubliquefrance.fr,0.956
120,plasticsurgery.org,0.978
121,tevapharm.com,0.970
122,hollandandbarrett.com,0.962
123,rush.edu,0.964
124,nm.org,0.999
125,welltory.com,0.913
126,halaxy.com,0.982
127,vumc.org,0.965
128,mindful.org,0.866
129,appsdevlab.com,0.885
130,psypost.org,0.980
131,skincancer.org,0.996
132,adventhealth.com,0.977
133,nyulangone.org,0.963
134,betterme.world,0.910
135,cedars-sinai.org,0.996
136,yalemedicine.org,0.983
137,bostonmagazine.com,0.993
138,dotandkey.com,0.979
139,caremark.com,0.978
140,crisistextline.org,0.954
141,noom.com,0.989
142,klara.com,0.916
143,express-scripts.com,0.907
144,miteshkhatri.com,0.882
145,authenticpacks.com,0.851
146,pddrc.in,0.971
147,hotdoc.com.au,1.000
148,understood.org,0.980
149,beyondblue.org.au,0.912
150,mercy.net,0.883
151,nationalmssociety.org,0.928
152,allaboutvision.com,1.000
153,hse.ie,0.991
154,uhhospitals.org,0.997
155,uthscsa.edu,0.897
156,talkspace.com,1.000
157,healthpartners.com,0.909
158,beautylisher.com,0.966
159,additudemag.com,0.997
160,curative.com,0.941
161,diabetes.org.uk,0.980
162,hatchbaby.com,0.896
163,voxo.co,0.892
164,dermnetnz.org,1.000
165,familydoctor.org,0.999
166,mcw.edu,0.946
167,houstonmethodist.org,1.000
168,rchsd.org,0.995
169,mdedge.com,0.990
170,nasm.org,0.944
171,dermstore.com,0.989
172,broadinstitute.org,0.862
173,aaaai.org,0.975
174,connectiverx.com,0.881
175,massgeneralbrigham.org,0.940
176,ochsner.org,0.998
177,aacap.org,0.955
178,medshop24h.top,0.980
179,commonspirit.org,0.991
180,healthit.gov,0.928
181,simpledesign.ltd,0.993
182,stanfordhealthcare.org,0.990
183,medline.com,0.935
184,thebodyshop.com,0.990
185,simple.life,0.962
186,abishkking.com,0.994
187,zeelool.com,0.965
188,momjunction.com,0.964
189,autism.org.uk,0.874
190,gastromedix.shop,1.000
191,bostonscientific.com,1.000
192,marykay.com,0.952
193,brighamandwomens.org,1.000
194,atriumhealth.org,0.992
195,thorne.com,0.986
196,healthday.com,0.998
197,muscleandstrength.com,0.971
198,nyp.org,0.997
199,glassesusa.com,0.994
200,capella.edu,0.945
201,nationwidechildrens.org,1.000
202,tonal.com,0.934
203,theliven.com,0.983
204,uwhealth.org,0.968
205,antibact.sbs,1.000
206,pampers.com,0.990
207,aafa.org,1.000
208,hear.com,0.963
209,doxycare.shop,0.906
210,ucsfhealth.org,0.999
211,apta.org,0.939
212,helloalma.com,0.950
213,genengnews.com,0.973
214,octaneai.com,0.867
215,stanfordchildrens.org,0.999
216,cancer.net,0.995
217,uchicagomedicine.org,0.992
218,emedicinehealth.com,1.000
219,dignityhealth.org,0.991
220,sentara.com,0.996
221,netmums.com,0.989
222,examine.com,0.990
223,hss.edu,0.992
224,stroke.org,0.964
225,cronometer.com,0.915
226,oliveyoung.com,0.996
227,chemicalbook.com,0.942
228,furocare.online,1.000
229,sleepdoctor.com,0.963
230,lybrate.com,1.000
231,go-optic.com,0.972
232,aacr.org,0.941
233,nutritionfacts.org,0.990
234,sleepcycle.com,0.953
235,camh.ca,0.998
236,dukehealth.org,1.000
237,mentalhealth.com,1.000
238,parkinson.org,0.978
239,muscleandfitness.com,0.955
240,pillpack.com,0.918
241,marriage.com,0.887
242,thelondonneurocognitiveclinic.co.uk,0.999
243,pcrm.org,0.996
244,fluco.store,1.000
245,nhsbsa.nhs.uk,0.890
246,drchrono.com,0.910
247,orlandohealth.com,0.996
248,cincinnatichildrens.org,0.972
249,lorealparisusa.com,0.959
250,sharp.com,0.999
251,growtherapy.com,0.986
252,fullscript.com,0.985
253,wcrf.org,0.964
254,propeciaa.sbs,1.000
255,texaschildrens.org,0.987
256,bswhealth.com,0.992
257,southcoast.org,0.951
258,clearcareonline.com,0.880
259,theordinary.com,0.868
260,brainhq.com,0.936
261,bodi.com,0.976
262,michaeljfox.org,0.902
263,youngminds.org.uk,0.855
264,chadd.org,0.923
265,fentybeauty.com,0.972
266,111.nhs.uk,0.987
267,nctsn.org,0.963
268,americanheart.org,0.990
269,mouthhealthy.org,0.980
270,hiv.gov,0.976
271,tartecosmetics.com,0.903
272,dsm.com,0.937
273,acaai.org,0.992
274,nccn.org,1.000
275,inova.org,0.989
276,peacehealth.org,0.949
277,revolutionehr.com,0.883
278,seattlechildrens.org,0.992
279,madmuscles.com,0.884
280,mecca.com,0.998
281,bilh.org,0.996
282,deltadental.com,0.971
283,metamedline.shop,0.999
284,emoryhealthcare.org,1.000
285,apollo247.com,0.967
286,fredhutch.org,1.000
287,chestnet.org,0.980
288,strawberrynet.com,0.991
289,allinahealth.org,0.997
290,deltadentalins.com,0.876
291,sciencebasedmedicine.org,0.995
292,christushealth.org,0.959
293,addictioncenter.com,0.999
294,rwjbh.org,0.997
295,rula.com,0.990
296,rnib.org.uk,1.000
297,jax.org,0.855
298,sesameworkshop.org,0.938
299,dana-farber.org,0.995
300,eurosurveillance.org,0.912
301,stress.org,0.902
302,studentdoctor.net,0.984
303,gluroo.com,0.946
304,joinladder.com,0.938
305,swansonvitamins.com,0.985
306,tremfya.com,1.000
307,rheumatology.org,0.964
308,acsevents.org,0.995
309,childrenscolorado.org,0.998
310,intuitive.com,0.975
311,drugstore.com,0.899
312,natera.com,0.997
313,ohiohealth.com,0.998
314,hcahealthcare.com,0.977
315,atlantichealth.org,0.999
316,sicat.com,0.987
317,teladochealth.com,0.996
318,neuralink.com,0.986
319,withcherry.com,0.901
320,shiseido.com,0.974
321,aqi.in,0.992
322,choc.org,0.997
323,wakehealth.edu,0.976
324,drfirst.com,0.968
325,bodygram.com,0.885
326,nationalbreastcancer.org,0.989
327,getfreed.ai,0.876
328,lifeline.org.au,0.900
329,naturalcycles.com,0.996
330,arthromedix.online,1.000
331,truity.com,0.942
332,therapistaid.com,0.997
333,umc.edu,0.877
334,glowing.com,0.915
335,levited.com,1.000
336,invisalign.com.cn,0.970
337,davita.com,0.992
338,healthyplace.com,1.000
339,zolomeds.shop,1.000
340,innovist.com,0.985
341,thehealthsite.com,1.000
342,idsociety.org,0.919
343,asbestos.com,0.945
344,vitalant.org,0.860
345,tadalah.com,1.000
346,well.ca,0.976
347,incidecoder.com,0.869
348,ahn.org,1.000
349,psychiatrist.com,1.000
350,lensmartonline.com,0.916
351,sickkids.ca,0.999
352,sparkpeople.com,0.981
353,mykitsch.com,0.945
354,americasbest.com,0.915
355,organicfacts.net,0.994
356,sunlighten.com,0.956
357,radiologyinfo.org,0.988
358,practicebetter.io,0.949
359,honorhealth.com,0.976
360,onlymyhealth.com,1.000
361,nebraskamed.com,0.999
362,philips.co.uk,0.921
363,melanoma.org,0.933
364,mja.com.au,0.998
365,bluechew.com,0.924
366,drinkaware.co.uk,0.937
367,playastronaut.cc,1.000
368,tigertext.me,0.947
369,innerbody.com,0.999
370,poison.org,0.925
371,myupchar.com,0.957
372,smokefree.gov,0.983
373,mytherapist.com,0.888
374,amomama.com,0.927
375,elpub.ru,0.868
376,dapoxetined.org,0.989
377,lifelabs.com,0.922
378,sanfordhealth.org,0.977
379,mother.ly,0.996
380,trimrx.com,0.992
381,truemed.com,0.926
382,joinmidi.com,0.996
383,nmdp.org,0.983
384,alivecor.com,0.943
385,bmc.org,1.000
386,kyruus.com,0.851
387,scripps.org,0.994
388,brain.fm,0.964
389,doctor.com,1.000
390,unitypoint.org,0.978
391,zithromax24h.sbs,1.000
392,beachbodyondemand.com,0.987
393,ufhealth.org,0.993
394,zandahealth.com,0.863
395,tgh.org,0.998
396,barbend.com,0.894
397,wegovy.com,0.991
398,wellspan.org,0.964
399,acsh.org,0.971
400,caregiver.org,0.865
401,texashealth.org,0.987
402,trihealth.com,0.998
403,carenet.com,0.911
404,paulaschoice.com,0.922
405,myfooddata.com,0.874
406,ivermactin.sbs,1.000
407,mentalhelp.net,1.000
408,therecoveryvillage.com,0.960
409,teencounseling.com,0.997
410,zoe.com,0.883
411,mychart.org,0.980
412,sartorius.com,0.880
413,healthkart.com,0.994
414,healthlinkbc.ca,0.997
415,tandemdiabetes.com,0.969
416,easterseals.com,0.947
417,vaccines.gov,0.911
418,cerave.com,1.000
419,ozempic.com,0.982
420,maybelline.com,0.853
421,jillianmichaels.com,0.973
422,pristyncare.com,1.000
423,cancercenter.com,0.881
424,unimealplan.com,0.987
425,thegoodtrade.com,0.922
426,medanta.org,0.977
427,mda.org,0.980
428,pharmaceutical-journal.com,0.997
429,urologyhealth.org,0.993
430,charmtracker.com,0.862
431,revenuewell.com,0.951
432,utswmed.org,0.938
433,coveredca.com,0.879
434,hackensackmeridianhealth.org,0.980
435,pipingrock.com,0.928
436,sildenaguide.com,1.000
437,health.wa.gov.au,0.928
438,guardianlife.com,0.880
439,healthapplines.com,0.974
440,medvi.org,1.000
441,ketteringhealth.org,0.991
442,leica-microsystems.com,0.934
443,socialbookmarkssite.com,0.996
444,optimantra.com,0.973
445,yashodahospitals.com,1.000
446,amoxibest.top,1.000
447,vita4you.gr,0.892
448,weightwatchers.ca,0.909
449,fideliscare.org,0.927
450,thejns.org,0.998
451,nookal.com,0.934
452,minoximed.online,0.998
453,fitonapp.com,0.963
454,dentalcare.com,0.962
455,aapd.org,0.876
456,armakeup.com,0.915
457,owndays.com,0.976
458,betterhelp.co.il,0.988
459,acgme.org,0.928
460,marham.pk,1.000
461,gymondo.com,0.947
462,nutritiongeeks.co,0.994
463,antibx.shop,0.998
464,honest.com,0.976
465,optumrx.com,0.903
466,aaoinfo.org,1.000
467,baptisthealth.net,0.956
468,springhealth.com,0.868
469,foodrevolution.org,0.922
470,uroweb.org,0.881
471,beachbody.com,0.976
472,celiac.org,0.947
473,counselear.com,0.898
474,drinkag1.com,0.994
475,heartandstroke.ca,0.954
476,resilia.shop,0.991
477,clinikally.com,0.997
478,cancer.org.au,0.996
479,tryemsense.com,0.997
480,bcbsm.com,0.925
481,mountainroseherbs.com,0.933
482,em-consulte.com,0.984
483,drugpolicy.org,0.874
484,healthsparq.com,0.851
485,reachout.com,0.983
486,nourish.com,0.998
487,nuffieldhealth.com,0.991
488,netdoctor.co.uk,1.000
489,eatthismuch.com,0.875
490,ssmhealth.com,0.996
491,breastcancernow.org,0.979
492,asthmaandlung.org.uk,0.995
493,prometric-jp.com,0.851
494,nivabupa.com,0.918
495,arogga.com,0.927
496,directmeds.com,0.987
497,childrensnational.org,0.990
498,smithoptics.com,0.961
499,biolifeplasma.com,0.891
500,bbraun.com,0.995
501,healthshots.com,1.000
502,alto.com,0.993
503,earthtimes.org,0.861
504,wachanga.app,0.886
505,enlyte.com,0.873
506,fitandwell.com,0.996
507,brownhealth.org,0.950
508,vivian.com,0.982
509,unboundmedicine.com,0.873
510,kits.ca,0.983
511,add.org,0.936
512,fmolhs.org,0.990
513,healthfinder.gov,0.998
514,modento.com,0.901
515,gamban.com,0.928
516,glassesdirect.co.uk,0.988
517,immunize.org,0.999
518,counselling-directory.org.uk,0.998
519,teladoc.com,0.996
520,ushealthquick.com,0.999
521,ppdi.com,0.927
522,getheyfra.com,0.998
523,nutrafol.com,0.996
524,hexahealth.com,1.000
525,personality.co,0.903
526,ippharmus.com,1.000
527,goda.co,0.920
528,healthynewage.com,0.999
529,menopause.org,0.922
530,health-time.com,0.992
531,whfoods.com,0.953
532,uihealthcare.org,0.965
533,jolse.com,0.932
534,plumgoodness.com,0.987
535,bausch.com,0.920
536,empatica.com,0.973
537,newbeauty.com,0.998
538,nutrium.com,0.974
539,iocdf.org,0.978
540,laverty.com.au,0.988
541,philips.co.in,0.881
542,adopt.com,0.900
543,themancompany.com,0.957
544,f45training.com,0.906
545,oladoc.com,0.999
546,betterhelp.com.au,0.988
547,gosh.nhs.uk,0.966
548,platinumrx.in,0.990
549,medela.com,0.872
550,lookchem.com,0.959
551,oralb.com,0.984
552,bebodywise.com,0.973
553,treatwell.co.uk,0.898
554,mdlive.com,1.000
555,startqubi.com,0.885
556,hingehealth.com,0.982
557,oziva.in,0.992
558,madinamerica.com,0.997
559,muscleblaze.com,0.937
560,medicaldialogues.in,0.978
561,patientsknowbest.com,0.909
562,thesleepcompany.in,0.904
563,proteinatlas.org,0.886
564,mychartplus.org,0.921
565,psoriasis.org,0.991
566,seniorliving.org,0.858
567,rcseng.ac.uk,0.892
568,healthyturkiye.com,0.923
569,beminimalist.co,0.999
570,kci.go.kr,0.894
571,doctible.com,0.960
572,homeinstead.com,0.963
573,novantmychart.org,0.979
574,bestmed.com.au,0.946
575,myoresearch.com,1.000
576,onemedical.com,0.998
577,mypatientchart.org,0.957
578,melos.media,0.950
579,wibbi.com,0.979
580,drdoctor.co.uk,0.904
581,davisadvantage.com,0.987
582,r12imob.store,0.979
583,hubermanlab.com,0.992
584,zeelabpharmacy.com,0.999
585,foxtale.in,0.994
586,teachmeanatomy.info,1.000
587,kansashealthsystem.com,1.000
588,carehealthsource.com,1.000
589,nutrabay.com,0.922
590,devoted.com,0.959
591,nationaleczema.org,0.951
592,thrivecausemetics.com,0.895
593,osfhealthcare.org,0.998
594,osfmychart.org,0.972
595,nutrifactor.com.pk,0.895
596,uvmhealth.org,0.999
597,nethealth.com,0.880
598,evernorth.com,0.965
599,guardian.in,0.994
600,mental-impulse.com,0.972
601,dvago.pk,1.000
602,thecalmzone.net,0.881
603,certifiedfasting.com,0.998
604,uvahealth.com,0.989
605,droracle.ai,0.973
606,bellavitaorganic.com,0.955
607,optos.com,0.904
608,nutraingredients.com,0.917
609,lyrahealth.com,0.920
610,freseniusmedicalcare.com,0.981
611,betterhelporg.com,0.928
612,hyugalife.com,0.967
613,kivihealth.com,0.998
614,beardo.in,0.951
615,world-heart-federation.org,0.920
616,vitacave.com,0.944
617,healthtian.com,0.999
618,swiftqueue.co.uk,0.957
619,fooducate.com,0.927
620,mypennmedicine.org,0.959
621,ruraltempo.com,0.999
622,perio.org,0.996
623,apollodiagnostics.in,0.879
624,adf.org.au,0.976
625,patanjaliayurved.net,0.925
626,downdogapp.com,0.975
627,reneecosmetics.in,0.878
628,thedermaco.com,0.980
629,musely.com,0.998
630,avert.org,0.914
631,talktofrank.com,0.983
632,celsius.com,0.986
633,essentiamychart.org,0.949
634,varian.com,0.990
635,saeedghani.pk,0.984
636,parkinsons.org.uk,0.938
637,aqualogica.in,0.982
638,highfy.pk,0.974
639,lorealparis.co.in,0.936
640,sanfe.in,0.940
641,himalayawellness.com,0.939
642,activiagrs.com,0.996
643,uchospitals.edu,0.992
644,epocrates.com,0.999
645,flexdental.co,0.957
646,doc.lk,0.942
647,apprevork.com,0.886
648,thedeconstruct.in,0.981
649,olay.com,0.993
650,mbtitesthub.net,0.918
651,iq-test.cc,0.857
652,drsheths.com,0.974
653,mmumullana.org,0.889
654,templehealth.org,0.979
655,onedoc.ch,1.000
656,tayyarijeetki.in,0.985
657,celebrex365o24.com,1.000
658,autism-society.org,0.947
659,uspharmacist.com,1.000
660,mysugr.com,0.941
661,providerconnect.ca,0.930
662,diabetestrackerpro.com,0.932
663,brandsreviews.com,0.990
664,wellness.com,1.000
665,minimed.com,0.983
666,asam.org,0.958
667,mediweightlossclinics.com,0.996
668,best.me,0.978
669,ccf.org,0.984
670,pesi.com,0.980
671,inspire.com,0.990
672,parkview.com,0.995
673,nuawoman.com,0.896
674,optimumnutrition.co.in,0.939
675,ehospital.gov.in,0.923
676,letshyphen.com,0.930
677,mylghealth.org,0.944
678,uihc.org,0.955
679,mothersparsh.com,0.956
680,talkiatry.com,1.000
681,swissbeauty.in,0.916
682,powerofpositivity.com,0.931
683,avaros.ca,0.920
684,consciouschemist.com,0.963
685,flomattress.com,0.866
686,krishnaayurved.com,0.911
687,pharmacy-x.co.uk,0.856
688,zimmerbiomet.com,0.998
689,myfrido.com,0.946
690,ayuvya.com,0.984
691,dermatouch.com,0.997
692,prose.com,0.926
693,vilvahstore.com,0.976
694,invisalign.in,1.000
695,integralife.com,0.999
696,breannabeauty.com,0.943
697,mywishcare.com,0.950
698,priceline.com.au,1.000
699,myersbriggs.org,0.893
700,heartfoundation.org.au,0.978
701,revlon.com,0.920
702,tatvacare.in,0.997
703,mobic321.com,0.992
704,fitnessblender.com,0.948
705,familynes.in,0.982
706,jedfoundation.org,0.872
707,medbridge.com,0.852
708,gynoveda.com,0.999
709,topdoctors.co.uk,0.998
710,accolade.com,0.996
711,gosupps.com,0.961
712,arata.in,0.910
713,oaepublish.com,0.858
714,free-anatomy-quiz.com,0.995
715,olympusamerica.com,0.938
716,newamc.com,0.982
717,accuprobe.in,0.948
718,ayuslab.com,0.900
719,drorthooil.com,0.979
720,dynaceglobal.com,0.868
721,missrose.com.pk,0.918
722,nikomu.com,0.887
723,pappyjoe.com,0.861
724,reviewmentor.com,0.995
725,imohealth.com,0.923
726,nshealth.ca,0.990
727,iwantgreatcare.org,0.993
728,drsquatch.com,0.903
729,disabled-world.com,0.969
730,amtamassage.org,0.925
731,junction.com,0.854
732,luriechildrens.org,1.000
733,pancan.org,0.978
734,trans4mind.com,0.910
735,cilisapp.com,0.997
736,childhelp.org,0.851
737,keylevitraus.com,1.000
738,dental-monitoring.com,0.872
739,prostatecanceruk.org,0.991
740,meloxicam1x1.com,1.000
741,carbmanager.com,0.912
742,ccjm.org,0.998
743,meloxicam.health,0.998
744,bangkokhospital.com,0.979
745,allwomenstalk.com,0.951
746,bodylab24.de,0.863
747,healthywomen.org,1.000
748,brainfacts.org,0.999
749,ucihealth.org,0.999
750,gaiam.com,0.943
751,carestack.com,0.960
752,sleepopolis.com,0.895
753,singhealth.com.sg,0.911
754,garnierusa.com,0.958
755,emblemhealth.com,0.881
756,bsci.com,1.000
757,dbsalliance.org,0.998
758,napper.app,0.904
759,lifewave.com,0.986
760,psychology.org.au,0.995
761,pih.org,0.895
762,tadalafiapps.com,0.998
763,myalcon.com,1.000
764,bcbsal.org,0.984
765,alzint.org,0.936
766,relate.org.uk,0.990
767,drhyman.com,0.982
768,endomondo.com,0.931
769,nct.org.uk,0.886
770,thensf.org,0.957
771,patientviewer.com,0.888
772,ummhealth.org,0.988
773,cruse.org.uk,0.958
774,alabamapublichealth.gov,0.972
775,bad.org.uk,0.969
776,keckmedicine.org,0.999
777,bodymatter.io,0.968
778,trumprx.gov,0.929
779,tryledisa.com,0.976
780,wisesavings.com,0.999
781,spring.org.uk,0.998
782,happiestbaby.com,0.914
783,pdr.net,0.862
784,fmcna.com,0.968
785,healthhub.sg,0.998
786,videahealth.io,0.860
787,skinsafeproducts.com,0.980
788,eyewearlabs.com,0.971
789,springerpub.com,0.953
790,sova.health,0.994
791,upmc.edu,0.999
792,ncqa.org,0.877
793,nutrition.org.uk,0.987
794,exactsciences.com,0.989
795,chirotouch.com,0.931
796,bookimed.com,1.000
797,hydromassage.com,0.959
798,virtahealth.com,0.962
799,weillcornell.org,0.971
800,psychplus.com,1.000
801,mom.com,0.955
802,massageenvy.com,0.999
803,papyrus-uk.org,0.894
804,fepblue.org,0.983
805,ccmdd.org.za,0.866
806,hevyapp.com,0.863
807,authoritynutrition.com,1.000
808,pilates-k.jp,0.884
809,invisalign.net,1.000
810,ert.com,0.996
811,vsee.com,0.925
812,kidneyfund.org,0.998
813,herculeshealth.co.nz,0.879
814,sleepwatchapp.com,0.958
815,cfah.org,0.977
816,sportingbounce.com,0.957
817,cbdfx.com,0.885
818,nmhealth.org,0.997
819,teamhealth.com,0.897
820,kidshelpphone.ca,0.955
821,sciencemission.com,0.949
822,medibuddy.in,0.929
823,benchchem.com,0.978
824,dentalhealth.org,1.000
825,multibriefs.com,0.852
826,sjm.com,0.981
827,tigerconnect.com,0.947
828,stormontvail.org,1.000
829,alzheimersresearchuk.org,0.959
830,4life.com,0.906
831,openpsychometrics.org,0.959
832,sleep.org,0.963
833,therapeuticresearch.com,0.975
834,ftroll.com,0.855
835,labsmartlis.com,0.958
836,muhs.edu.in,0.942
837,mychasma.com,0.896
838,naturaltein.in,0.904
839,pathcarelabs.com,0.872
840,developgoodhabits.com,0.898
841,functionhealth.com,1.000
842,rectanglehealth.com,0.859
843,shrinerschildrens.org,1.000
844,edwards.com,0.907
845,omnicell.com,0.931
846,wakemed.org,0.998
847,brookdale.com,0.865
848,ecuhealth.org,0.976
849,americanmigrainefoundation.org,0.986
850,recovery.com,0.990
851,premom.com,0.999
852,sermo.com,0.939
853,physitrack.com,0.993
854,allbeauty.com,0.986
855,dosedaily.co,0.993
856,smartpatient.eu,0.978
857,gethealthie.com,0.875
858,freeletics.com,0.975
859,pharmacist.com,0.992
860,ddx.dental,0.909
861,rugiet.com,0.998
862,goldsgym.com,0.899
863,allergywest.com.au,1.000
864,truthinitiative.org,0.989
865,therabody.com,0.889
866,findhealthguide.online,0.919
867,baptisthealth.com,0.997
868,nghs.com,1.000
869,nutritionvalue.org,0.924
870,bausch.in,1.000
871,bausch.com.sg,0.991
872,bausch.co.nz,1.000
873,metropolisindia.com,0.987
874,e-majestic.com,0.857
875,brookstone.com,0.984
876,lovelyskin.com,0.923
877,boneandjoint.org.uk,0.883
878,bluemercury.com,0.942
879,colorescience.com,0.976
880,csp.org.uk,0.988
881,thepetlabco.com,0.922
882,foundationmedicine.com,0.958
883,beateatingdisorders.org.uk,0.941
884,umiamihealth.org,1.000
885,clarinsusa.com,0.974
886,osteoporosis.foundation,0.960
887,elizabetharden.com,0.986
888,bccdc.ca,0.898
889,joinmochi.com,0.999
890,cernerhealth.com,0.966
891,healthyseminars.com,0.995
892,eyemartexpress.com,0.939
893,enneagraminstitute.com,0.895
894,sprc.org,0.984
895,mainlinehealth.org,0.999
896,pharmerica.com,0.870
897,childrensmercy.org,0.998
898,breakingmuscle.com,0.950
899,sleepadvisor.org,0.868
900,vihelse.com,0.995
901,microbenotes.com,0.863
902,elekta.com,0.989
903,psychology.org,0.936
904,mhs.net,0.996
905,yeastgenome.org,0.855
906,testing.com,0.992
907,uchc.edu,0.972
908,swordhealth.com,0.972
909,renown.org,0.998
910,bcrf.org,0.962
911,shopflavcity.com,0.857
912,roswellpark.org,1.000
913,jwatch.org,0.995
914,visionexpress.com,0.996
915,oversoyed.com,0.953
916,mimi.io,0.923
917,oxefit.com,0.850
918,mhs.com,0.905
919,manual.co,0.999
920,alcoholchange.org.uk,0.946
921,mycarpe.com,0.963
922,iampsychiatry.uk,0.999
923,modento.io,0.901
924,blood.co.uk,0.907
925,aboutkidshealth.ca,0.992
926,saintfrancis.com,0.995
927,kidshelpline.com.au,0.964
928,scriptpro.com,0.906
929,eightsleep.com,0.961
930,lecturio.com,0.991
931,bcmj.org,0.897
932,bonehealthandosteoporosis.org,0.995
933,glpwinner.com,0.991
934,legionathletics.com,0.911
935,nof.org,0.995
936,pregnancybirthbaby.org.au,0.996
937,fridayplans.com,0.991
938,acumenmd.com,0.868
939,molekule.com,0.879
940,recovered.org,0.966
941,alcohol.org,0.986
942,anara.com,0.922
943,ancientherbs.biz,0.925
944,empr.com,0.999
945,whatclinic.com,1.000
946,pocketprep.com,0.980
947,clinicalgenome.org,0.904
948,kennedykrieger.org,0.978
949,ascopost.com,0.999
950,clubpilates.com,0.937
951,hellowisp.com,1.000
952,stelizabeth.com,0.995
953,fitnessvolt.com,0.954
954,joinsequence.com,0.999
955,pathapplication.com,0.991
956,dermalogica.com,0.978
957,evolutionofsmooth.com,0.926
958,bavida.com,0.891
959,marshfieldclinic.org,0.990
960,ascrs.org,0.960
961,obtainhigh.com,0.924
962,csl.com,0.881
963,nemours.org,0.999
964,visitingangels.com,0.964
965,crest.com,0.987
966,medisafe.com,0.968
967,chriskresser.com,0.989
968,tmcaz.com,0.999
969,clinicallabs.com.au,0.995
970,hologic.com,0.911
971,enhanceyourlife.mom,0.972
972,abmp.com,0.926
973,leafhome.com,0.856
974,dailyom.com,0.999
975,cda-adc.ca,0.961
976,widex.com,0.985
977,manmatters.com,0.976
978,blood.ca,0.895
979,axahealth.co.uk,0.944
980,nurx.com,1.000
981,medel.com,0.990
982,wrshealth.com,0.991
983,nativepath.com,0.999
984,cancercare.org,0.995
985,rcpch.ac.uk,0.997
986,buoyhealth.com,1.000
987,onechartpatient.com,0.882
988,bdadyslexia.org.uk,0.855
989,nubestskin.com,0.983
990,fluoridealert.org,0.901
991,nimml.org,0.952
992,hazeldenbettyford.org,0.984
993,maryruthorganics.com,0.977
994,wikidoc.org,0.997
995,issaonline.com,0.925
996,wachanga.com,0.886
997,vumedi.com,0.999
998,iampsychiatry.com,1.000
999,versanthealth.com,0.900
1000,sysmex-europe.com,0.941
