rank,domain,health_score,initial_list_row
1,webmd.com,1.000,845
2,healthline.com,1.000,881
3,medicalnewstoday.com,1.000,2088
4,news-medical.net,1.000,5736
5,medrxiv.org,1.000,5975
6,invisalign.com,1.000,6993
7,apollopharmacy.in,1.000,8681
8,healthychildren.org,1.000,11117
9,hcn.health,1.000,12211
10,healthdirect.gov.au,1.000,14848
11,medpagetoday.com,1.000,14905
12,dovepress.com,1.000,15103
13,healio.com,1.000,15835
14,patient.info,1.000,18586
15,womenshealth.gov,1.000,19170
16,sharecare.com,1.000,21579
17,medicaldaily.com,1.000,22562
18,hotdoc.com.au,1.000,27420
19,allaboutvision.com,1.000,28346
20,talkspace.com,1.000,28901
21,dermnetnz.org,1.000,29855
22,houstonmethodist.org,1.000,30009
23,gastromedix.shop,1.000,33636
24,bostonscientific.com,1.000,33669
25,brighamandwomens.org,1.000,33894
26,nationwidechildrens.org,1.000,34355
27,antibact.sbs,1.000,34485
28,aafa.org,1.000,34543
29,emedicinehealth.com,1.000,35751
30,furocare.online,1.000,36953
31,lybrate.com,1.000,37321
32,dukehealth.org,1.000,38220
33,mentalhealth.com,1.000,38262
34,fluco.store,1.000,39315
35,propeciaa.sbs,1.000,40424
36,nccn.org,1.000,42256
37,emoryhealthcare.org,1.000,43249
38,fredhutch.org,1.000,43396
39,rnib.org.uk,1.000,44208
40,tremfya.com,1.000,46523
41,arthromedix.online,1.000,48883
42,levited.com,1.000,49237
43,healthyplace.com,1.000,49472
44,zolomeds.shop,1.000,49633
45,thehealthsite.com,1.000,49817
46,tadalah.com,1.000,50256
47,ahn.org,1.000,50645
48,psychiatrist.com,1.000,50852
49,onlymyhealth.com,1.000,52071
50,playastronaut.cc,1.000,52835
51,bmc.org,1.000,54940
52,doctor.com,1.000,55615
53,zithromax24h.sbs,1.000,55826
54,ivermactin.sbs,1.000,57065
55,mentalhelp.net,1.000,57136
56,cerave.com,1.000,58077
57,pristyncare.com,1.000,59292
58,sildenaguide.com,1.000,61003
59,medvi.org,1.000,61718
60,yashodahospitals.com,1.000,62660
61,amoxibest.top,1.000,62782
62,marham.pk,1.000,64188
63,aaoinfo.org,1.000,64804
64,netdoctor.co.uk,1.000,67022
65,healthshots.com,1.000,67940
66,hexahealth.com,1.000,70960
67,ippharmus.com,1.000,71336
68,mdlive.com,1.000,74770
69,myoresearch.com,1.000,77180
70,teachmeanatomy.info,1.000,77993
71,kansashealthsystem.com,1.000,78113
72,carehealthsource.com,1.000,78148
73,dvago.pk,1.000,79717
74,onedoc.ch,1.000,85426
75,celebrex365o24.com,1.000,85564
76,uspharmacist.com,1.000,85749
77,wellness.com,1.000,86220
78,talkiatry.com,1.000,87634
79,invisalign.in,1.000,89453
80,priceline.com.au,1.000,89703
81,luriechildrens.org,1.000,94757
82,keylevitraus.com,1.000,95209
83,meloxicam1x1.com,1.000,95468
84,healthywomen.org,1.000,96173
85,bsci.com,1.000,96779
86,myalcon.com,1.000,97939
87,bookimed.com,1.000,101048
88,psychplus.com,1.000,101224
89,authoritynutrition.com,1.000,101892
90,invisalign.net,1.000,101959
91,dentalhealth.org,1.000,103891
92,stormontvail.org,1.000,104304
93,functionhealth.com,1.000,105290
94,shrinerschildrens.org,1.000,105316
95,allergywest.com.au,1.000,107158
96,nghs.com,1.000,107920
97,bausch.in,1.000,108030
98,bausch.co.nz,1.000,108229
99,umiamihealth.org,1.000,109701
100,roswellpark.org,1.000,113242
101,whatclinic.com,1.000,119710
102,hellowisp.com,1.000,120237
103,nurx.com,1.000,123510
104,buoyhealth.com,1.000,124625
105,iampsychiatry.com,1.000,125470
106,medlineplus.gov,0.999,2634
107,upmc.com,0.999,14500
108,colgate.com,0.999,15868
109,mdanderson.org,0.999,16501
110,pharmeasy.in,0.999,16948
111,massgeneral.org,0.999,19982
112,rxlist.com,0.999,22748
113,nm.org,0.999,24024
114,familydoctor.org,0.999,29893
115,ucsfhealth.org,0.999,34894
116,stanfordchildrens.org,0.999,35352
117,thelondonneurocognitiveclinic.co.uk,0.999,39043
118,sharp.com,0.999,39909
119,metamedline.shop,0.999,43103
120,addictioncenter.com,0.999,43795
121,atlantichealth.org,0.999,47754
122,sickkids.ca,0.999,51304
123,nebraskamed.com,0.999,52116
124,innerbody.com,0.999,53446
125,immunize.org,0.999,70030
126,ushealthquick.com,0.999,70398
127,healthynewage.com,0.999,71530
128,oladoc.com,0.999,73758
129,beminimalist.co,0.999,76548
130,zeelabpharmacy.com,0.999,77908
131,uvmhealth.org,0.999,79246
132,healthtian.com,0.999,81213
133,ruraltempo.com,0.999,81520
134,epocrates.com,0.999,84786
135,integralife.com,0.999,89456
136,gynoveda.com,0.999,90612
137,brainfacts.org,0.999,96265
138,ucihealth.org,0.999,96342
139,keckmedicine.org,0.999,99450
140,wisesavings.com,0.999,99912
141,upmc.edu,0.999,100559
142,massageenvy.com,0.999,101359
143,premom.com,0.999,106264
144,joinmochi.com,0.999,110142
145,mainlinehealth.org,0.999,111239
146,manual.co,0.999,115735
147,iampsychiatry.uk,0.999,116303
148,empr.com,0.999,119504
149,ascopost.com,0.999,119992
150,joinsequence.com,0.999,120907
151,nemours.org,0.999,121887
152,tmcaz.com,0.999,122375
153,dailyom.com,0.999,122876
154,nativepath.com,0.999,124275
155,vumedi.com,0.999,125274
156,bountystory.site,0.998,10027
157,prevention.com,0.998,12756
158,cureus.com,0.998,16239
159,ochsner.org,0.998,30980
160,healthday.com,0.998,34080
161,camh.ca,0.998,38077
162,mecca.com,0.998,42771
163,childrenscolorado.org,0.998,46851
164,ohiohealth.com,0.998,47320
165,mja.com.au,0.998,52412
166,tgh.org,0.998,56294
167,trihealth.com,0.998,56727
168,thejns.org,0.998,63098
169,minoximed.online,0.998,63455
170,antibx.shop,0.998,64565
171,nourish.com,0.998,66754
172,healthfinder.gov,0.998,69318
173,counselling-directory.org.uk,0.998,70032
174,getheyfra.com,0.998,70850
175,newbeauty.com,0.998,72924
176,onemedical.com,0.998,77221
177,osfhealthcare.org,0.998,78670
178,certifiedfasting.com,0.998,79915
179,kivihealth.com,0.998,80842
180,musely.com,0.998,82797
181,zimmerbiomet.com,0.998,88566
182,topdoctors.co.uk,0.998,90902
183,ccjm.org,0.998,95614
184,meloxicam.health,0.998,95674
185,dbsalliance.org,0.998,96788
186,tadalafiapps.com,0.998,97667
187,spring.org.uk,0.998,99948
188,healthhub.sg,0.998,100087
189,kidneyfund.org,0.998,102186
190,wakemed.org,0.998,105790
191,rugiet.com,0.998,106986
192,childrensmercy.org,0.998,111252
193,renown.org,0.998,112601
194,headspace.com,0.997,8120
195,ketogo.app,0.997,9136
196,lung.org,0.997,12155
197,greatist.com,0.997,23025
198,uhhospitals.org,0.997,28446
199,additudemag.com,0.997,29448
200,nyp.org,0.997,34193
201,allinahealth.org,0.997,43669
202,rwjbh.org,0.997,43900
203,natera.com,0.997,47080
204,choc.org,0.997,48553
205,therapistaid.com,0.997,49102
206,teencounseling.com,0.997,57256
207,healthlinkbc.ca,0.997,57525
208,pharmaceutical-journal.com,0.997,59741
209,clinikally.com,0.997,66049
210,tryemsense.com,0.997,66175
211,madinamerica.com,0.997,75668
212,dermatouch.com,0.997,89137
213,tatvacare.in,0.997,89841
214,cilisapp.com,0.997,95068
215,nmhealth.org,0.997,102839
216,baptisthealth.com,0.997,107811
217,rcpch.ac.uk,0.997,124472
218,wikidoc.org,0.997,125216
219,ohsu.edu,0.996,13936
220,skincancer.org,0.996,25126
221,cedars-sinai.org,0.996,25406
222,sentara.com,0.996,35920
223,oliveyoung.com,0.996,36892
224,pcrm.org,0.996,39160
225,orlandohealth.com,0.996,39710
226,bilh.org,0.996,42959
227,teladochealth.com,0.996,48112
228,naturalcycles.com,0.996,48839
229,mother.ly,0.996,54387
230,joinmidi.com,0.996,54640
231,socialbookmarkssite.com,0.996,62056
232,cancer.org.au,0.996,66059
233,ssmhealth.com,0.996,67218
234,fitandwell.com,0.996,68625
235,teladoc.com,0.996,70379
236,nutrafol.com,0.996,70883
237,perio.org,0.996,81578
238,activiagrs.com,0.996,84714
239,mediweightlossclinics.com,0.996,86513
240,accolade.com,0.996,91006
241,ert.com,0.996,102064
242,mhs.net,0.996,112309
243,visionexpress.com,0.996,113364
244,pregnancybirthbaby.org.au,0.996,118400
245,rchsd.org,0.995,30145
246,cancer.net,0.995,35384
247,sciencebasedmedicine.org,0.995,43741
248,dana-farber.org,0.995,44413
249,acsevents.org,0.995,46753
250,asthmaandlung.org.uk,0.995,67290
251,bbraun.com,0.995,67886
252,parkview.com,0.995,86922
253,free-anatomy-quiz.com,0.995,91537
254,reviewmentor.com,0.995,93404
255,psychology.org.au,0.995,97341
256,healthyseminars.com,0.995,110849
257,vihelse.com,0.995,111529
258,jwatch.org,0.995,113305
259,saintfrancis.com,0.995,116553
260,bonehealthandosteoporosis.org,0.995,117307
261,nof.org,0.995,117907
262,stelizabeth.com,0.995,120648
263,clinicallabs.com.au,0.995,122399
264,cancercare.org,0.995,124401
265,cdc.gov,0.994,344
266,providence.org,0.994,16463
267,abishkking.com,0.994,33128
268,glassesusa.com,0.994,34198
269,organicfacts.net,0.994,51404
270,scripps.org,0.994,55178
271,healthkart.com,0.994,57493
272,nutritiongeeks.co,0.994,64506
273,drinkag1.com,0.994,65737
274,foxtale.in,0.994,77925
275,guardian.in,0.994,79442
276,sova.health,0.994,100560
277,questdiagnostics.com,0.993,13511
278,labcorp.com,0.993,14042
279,bostonmagazine.com,0.993,25693
280,simpledesign.ltd,0.993,32628
281,ufhealth.org,0.993,55958
282,urologyhealth.org,0.993,59794
283,alto.com,0.993,68102
284,olay.com,0.993,85139
285,iwantgreatcare.org,0.993,94352
286,physitrack.com,0.993,106357
287,dosedaily.co,0.993,106500
288,acog.org,0.992,13627
289,whattoexpect.com,0.992,15539
290,atriumhealth.org,0.992,34005
291,uchicagomedicine.org,0.992,35423
292,hss.edu,0.992,36387
293,bswhealth.com,0.992,40551
294,acaai.org,0.992,42228
295,seattlechildrens.org,0.992,42667
296,aqi.in,0.992,48414
297,davita.com,0.992,49318
298,trimrx.com,0.992,54549
299,health-time.com,0.992,71649
300,oziva.in,0.992,75595
301,hubermanlab.com,0.992,77876
302,uchospitals.edu,0.992,84739
303,mobic321.com,0.992,90021
304,pharmacist.com,0.992,106869
305,testing.com,0.992,112390
306,aboutkidshealth.ca,0.992,116502
307,myprotein.com,0.991,23479
308,hse.ie,0.991,28378
309,commonspirit.org,0.991,32252
310,dignityhealth.org,0.991,35909
311,strawberrynet.com,0.991,43613
312,wegovy.com,0.991,56371
313,ketteringhealth.org,0.991,61719
314,resilia.shop,0.991,66001
315,nuffieldhealth.com,0.991,66996
316,psoriasis.org,0.991,76168
317,prostatecanceruk.org,0.991,95280
318,bausch.com.sg,0.991,108065
319,lecturio.com,0.991,117154
320,glpwinner.com,0.991,117483
321,fridayplans.com,0.991,118474
322,pathapplication.com,0.991,121016
323,wrshealth.com,0.991,124257
324,cmaj.ca,0.990,23676
325,mdedge.com,0.990,30294
326,stanfordhealthcare.org,0.990,32683
327,thebodyshop.com,0.990,32863
328,pampers.com,0.990,34507
329,examine.com,0.990,36253
330,nutritionfacts.org,0.990,37889
331,americanheart.org,0.990,41574
332,rula.com,0.990,44187
333,childrensnational.org,0.990,67659
334,fmolhs.org,0.990,69240
335,platinumrx.in,0.990,74117
336,varian.com,0.990,83583
337,brandsreviews.com,0.990,86104
338,inspire.com,0.990,86906
339,nshealth.ca,0.990,94320
340,relate.org.uk,0.990,98210
341,recovery.com,0.990,106142
342,marshfieldclinic.org,0.990,121256
343,medel.com,0.990,123955
344,www.nhs.uk,0.989,1935
345,stylevana.com,0.989,6887
346,cochrane.org,0.989,12943
347,mayoclinic.com,0.989,18019
348,noom.com,0.989,26255
349,dermstore.com,0.989,30453
350,netmums.com,0.989,36169
351,inova.org,0.989,42465
352,nationalbreastcancer.org,0.989,48724
353,dapoxetined.org,0.989,54302
354,uvahealth.com,0.989,79958
355,exactsciences.com,0.989,100961
356,truthinitiative.org,0.989,107262
357,elekta.com,0.989,112176
358,chriskresser.com,0.989,122374
359,betterhelp.com,0.988,6156
360,radiologyinfo.org,0.988,51868
361,betterhelp.co.il,0.988,64063
362,glassesdirect.co.uk,0.988,69910
363,laverty.com.au,0.988,73242
364,betterhelp.com.au,0.988,73786
365,ummhealth.org,0.988,98788
366,csp.org.uk,0.988,108948
367,cancer.gov,0.987,2990
368,texaschildrens.org,0.987,40485
369,111.nhs.uk,0.987,41382
370,sicat.com,0.987,48095
371,beachbodyondemand.com,0.987,55857
372,texashealth.org,0.987,56623
373,unimealplan.com,0.987,59348
374,directmeds.com,0.987,67580
375,plumgoodness.com,0.987,72396
376,davisadvantage.com,0.987,77710
377,nutrition.org.uk,0.987,100935
378,metropolisindia.com,0.987,108296
379,crest.com,0.987,122088
380,owhealth.com,0.986,4498
381,flo.health,0.986,23724
382,thorne.com,0.986,34039
383,growtherapy.com,0.986,40131
384,neuralink.com,0.986,48261
385,celsius.com,0.986,83450
386,lifewave.com,0.986,97281
387,americanmigrainefoundation.org,0.986,106063
388,allbeauty.com,0.986,106381
389,elizabetharden.com,0.986,109897
390,alcohol.org,0.986,119073
391,fullscript.com,0.985,40164
392,swansonvitamins.com,0.985,45997
393,innovist.com,0.985,49797
394,tayyarijeetki.in,0.985,85547
395,widex.com,0.985,123256
396,clevelandclinic.org,0.984,1860
397,studentdoctor.net,0.984,45685
398,em-consulte.com,0.984,66285
399,oralb.com,0.984,74287
400,saeedghani.pk,0.984,83598
401,ccf.org,0.984,86737
402,ayuvya.com,0.984,89134
403,bcbsal.org,0.984,97934
404,brookstone.com,0.984,108581
405,sprc.org,0.984,111235
406,hazeldenbettyford.org,0.984,125031
407,thriveglobal.com,0.983,20519
408,yalemedicine.org,0.983,25621
409,theliven.com,0.983,34464
410,smokefree.gov,0.983,53600
411,nmdp.org,0.983,54878
412,reachout.com,0.983,66685
413,kits.ca,0.983,68939
414,talktofrank.com,0.983,83374
415,minimed.com,0.983,86457
416,fepblue.org,0.983,101529
417,nubestskin.com,0.983,124719
418,988lifeline.org,0.982,10766
419,suicidepreventionlifeline.org,0.982,16054
420,halaxy.com,0.982,24219
421,ozempic.com,0.982,58386
422,vivian.com,0.982,68829
423,hingehealth.com,0.982,75146
424,aqualogica.in,0.982,83798
425,familynes.in,0.982,90255
426,newamc.com,0.982,91647
427,drhyman.com,0.982,98298
428,sparkpeople.com,0.981,51318
429,freseniusmedicalcare.com,0.981,80704
430,thedeconstruct.in,0.981,85068
431,sjm.com,0.981,104249
432,draxe.com,0.980,21989
433,psypost.org,0.980,25041
434,understood.org,0.980,27659
435,diabetes.org.uk,0.980,29712
436,medshop24h.top,0.980,32244
437,mouthhealthy.org,0.980,41633
438,chestnet.org,0.980,43510
439,mychart.org,0.980,57400
440,mda.org,0.980,59723
441,hackensackmeridianhealth.org,0.980,60638
442,thedermaco.com,0.980,82734
443,pesi.com,0.980,86814
444,skinsafeproducts.com,0.980,100266
445,pocketprep.com,0.980,119721
446,dotandkey.com,0.979,25808
447,breastcancernow.org,0.979,67263
448,novantmychart.org,0.979,77069
449,wibbi.com,0.979,77351
450,r12imob.store,0.979,77811
451,templehealth.org,0.979,85404
452,drorthooil.com,0.979,92268
453,bangkokhospital.com,0.979,95698
454,health.gov,0.978,10796
455,mercola.com,0.978,14476
456,cvshealth.com,0.978,14876
457,discoverpilgrim.com,0.978,17340
458,clicks.co.za,0.978,18819
459,leap.app,0.978,20792
460,plasticsurgery.org,0.978,23821
461,caremark.com,0.978,26089
462,parkinson.org,0.978,38473
463,unitypoint.org,0.978,55724
464,iocdf.org,0.978,73172
465,medicaldialogues.in,0.978,75899
466,best.me,0.978,86569
467,heartfoundation.org.au,0.978,89771
468,pancan.org,0.978,94909
469,benchchem.com,0.978,103884
470,smartpatient.eu,0.978,106584
471,kennedykrieger.org,0.978,119887
472,dermalogica.com,0.978,121104
473,plannedparenthood.org,0.977,12373
474,simplypsychology.org,0.977,14122
475,epic.com,0.977,18074
476,adventhealth.com,0.977,25155
477,hcahealthcare.com,0.977,47585
478,sanfordhealth.org,0.977,54335
479,medanta.org,0.977,59634
480,cfah.org,0.977,102411
481,maryruthorganics.com,0.977,125132
482,bodi.com,0.976,40955
483,hiv.gov,0.976,41899
484,wakehealth.edu,0.976,48593
485,well.ca,0.976,50389
486,honorhealth.com,0.976,52029
487,owndays.com,0.976,63689
488,honest.com,0.976,64570
489,beachbody.com,0.976,65437
490,adf.org.au,0.976,82054
491,vilvahstore.com,0.976,89307
492,tryledisa.com,0.976,99805
493,ecuhealth.org,0.976,106041
494,colorescience.com,0.976,108924
495,manmatters.com,0.976,123357
496,alz.org,0.975,6801
497,mindbodygreen.com,0.975,11148
498,aaaai.org,0.975,30768
499,intuitive.com,0.975,46896
500,downdogapp.com,0.975,82664
501,therapeuticresearch.com,0.975,104485
502,freeletics.com,0.975,106716
503,shiseido.com,0.974,48382
504,healthapplines.com,0.974,61603
505,nutrium.com,0.974,72947
506,highfy.pk,0.974,83948
507,drsheths.com,0.974,85381
508,clarinsusa.com,0.974,109769
509,england.nhs.uk,0.973,13037
510,genengnews.com,0.973,35107
511,jillianmichaels.com,0.973,58699
512,optimantra.com,0.973,62238
513,empatica.com,0.973,72725
514,bebodywise.com,0.973,74304
515,droracle.ai,0.973,79961
516,go-optic.com,0.972,37412
517,cincinnatichildrens.org,0.972,39837
518,fentybeauty.com,0.972,41294
519,osfmychart.org,0.972,78860
520,mental-impulse.com,0.972,79586
521,alabamapublichealth.gov,0.972,98976
522,uchc.edu,0.972,112467
523,swordhealth.com,0.972,112516
524,enhanceyourlife.mom,0.972,122529
525,pddrc.in,0.971,27170
526,muscleandstrength.com,0.971,34091
527,deltadental.com,0.971,42957
528,acsh.org,0.971,56455
529,eyewearlabs.com,0.971,100294
530,weillcornell.org,0.971,101229
531,ottai.com,0.970,23186
532,tevapharm.com,0.970,23835
533,invisalign.com.cn,0.970,49264
534,tandemdiabetes.com,0.969,57552
535,disabled-world.com,0.969,94403
536,bad.org.uk,0.969,99417
537,webpt.com,0.968,6903
538,uwhealth.org,0.968,34475
539,drfirst.com,0.968,48591
540,bodymatter.io,0.968,99460
541,fmcna.com,0.968,100061
542,medisafe.com,0.968,122146
543,acc.org,0.967,20591
544,apollo247.com,0.967,43303
545,hyugalife.com,0.967,80763
546,nice.org.uk,0.966,9758
547,beautylisher.com,0.966,29343
548,gosh.nhs.uk,0.966,74011
549,cernerhealth.com,0.966,110405
550,recovered.org,0.966,118924
551,drugabuse.gov,0.965,15554
552,vumc.org,0.965,24573
553,zeelool.com,0.965,33453
554,uihealthcare.org,0.965,71980
555,evernorth.com,0.965,79363
556,rush.edu,0.964,24033
557,momjunction.com,0.964,33506
558,stroke.org,0.964,36389
559,wcrf.org,0.964,40281
560,rheumatology.org,0.964,46585
561,brain.fm,0.964,55216
562,wellspan.org,0.964,56453
563,kidshelpline.com.au,0.964,116674
564,visitingangels.com,0.964,121930
565,nyulangone.org,0.963,25233
566,hear.com,0.963,34575
567,sleepdoctor.com,0.963,37143
568,nctsn.org,0.963,41440
569,fitonapp.com,0.963,63492
570,homeinstead.com,0.963,76803
571,consciouschemist.com,0.963,87988
572,sleep.org,0.963,104367
573,mycarpe.com,0.963,116088
574,hollandandbarrett.com,0.962,23972
575,simple.life,0.962,33121
576,dentalcare.com,0.962,63575
577,virtahealth.com,0.962,101123
578,bcrf.org,0.962,112800
579,smithoptics.com,0.961,67793
580,gosupps.com,0.961,91261
581,eightsleep.com,0.961,117124
582,cda-adc.ca,0.961,122999
583,therecoveryvillage.com,0.960,57158
584,doctible.com,0.960,76724
585,carestack.com,0.960,96401
586,osteoporosis.foundation,0.960,109876
587,ascrs.org,0.960,121440
588,chop.edu,0.959,15265
589,loseit.com,0.959,17211
590,bcm.edu,0.959,21492
591,lorealparisusa.com,0.959,39879
592,christushealth.org,0.959,43776
593,lookchem.com,0.959,74239
594,devoted.com,0.959,78559
595,mypennmedicine.org,0.959,81396
596,hydromassage.com,0.959,101056
597,alzheimersresearchuk.org,0.959,104337
598,openpsychometrics.org,0.959,104358
599,terrayou.com,0.958,23234
600,asam.org,0.958,86469
601,garnierusa.com,0.958,96604
602,cruse.org.uk,0.958,98861
603,sleepwatchapp.com,0.958,102349
604,labsmartlis.com,0.958,104884
605,foundationmedicine.com,0.958,109244
606,myupchar.com,0.957,53517
607,themancompany.com,0.957,73571
608,mypatientchart.org,0.957,77234
609,swiftqueue.co.uk,0.957,81220
610,flexdental.co,0.957,84930
611,thensf.org,0.957,98754
612,sportingbounce.com,0.957,102664
613,withings.com,0.956,16226
614,consensus.app,0.956,20750
615,santepubliquefrance.fr,0.956,23752
616,sunlighten.com,0.956,51522
617,baptisthealth.net,0.956,64877
618,mothersparsh.com,0.956,87582
619,aacap.org,0.955,31603
620,muscleandfitness.com,0.955,38661
621,bellavitaorganic.com,0.955,80051
622,uihc.org,0.955,87514
623,mom.com,0.955,101339
624,kidshelpphone.ca,0.955,102960
625,crisistextline.org,0.954,26230
626,heartandstroke.ca,0.954,65825
627,fitnessvolt.com,0.954,120712
628,sleepcycle.com,0.953,38039
629,whfoods.com,0.953,71859
630,springerpub.com,0.953,100500
631,oversoyed.com,0.953,113491
632,marykay.com,0.952,33711
633,nimml.org,0.952,124986
634,alzheimers.org.uk,0.951,21800
635,southcoast.org,0.951,40627
636,revenuewell.com,0.951,60100
637,nationaleczema.org,0.951,78593
638,beardo.in,0.951,80868
639,allwomenstalk.com,0.951,95900
640,sciencedaily.com,0.950,1525
641,mskcc.org,0.950,14787
642,helloalma.com,0.950,35031
643,brownhealth.org,0.950,68737
644,melos.media,0.950,77233
645,mywishcare.com,0.950,89674
646,breakingmuscle.com,0.950,111303
647,peacehealth.org,0.949,42486
648,practicebetter.io,0.949,51874
649,essentiamychart.org,0.949,83576
650,sciencemission.com,0.949,103761
651,fitnessblender.com,0.948,90109
652,accuprobe.in,0.948,91838
653,tigertext.me,0.947,53207
654,easterseals.com,0.947,57710
655,gymondo.com,0.947,64266
656,celiac.org,0.947,65543
657,autism-society.org,0.947,85715
658,tigerconnect.com,0.947,104285
659,mcw.edu,0.946,29994
660,gluroo.com,0.946,45827
661,bestmed.com.au,0.946,77099
662,myfrido.com,0.946,88973
663,alcoholchange.org.uk,0.946,115803
664,capella.edu,0.945,34319
665,asbestos.com,0.945,49979
666,mykitsch.com,0.945,51357
667,nih.gov,0.944,135
668,aetna.com,0.944,5593
669,nasm.org,0.944,30370
670,vitacave.com,0.944,81198
671,mylghealth.org,0.944,87369
672,axahealth.co.uk,0.944,123387
673,livestrong.com,0.943,10113
674,alivecor.com,0.943,54884
675,breannabeauty.com,0.943,89538
676,gaiam.com,0.943,96355
677,chemicalbook.com,0.942,36912
678,truity.com,0.942,48998
679,doc.lk,0.942,84951
680,muhs.edu.in,0.942,104958
681,bluemercury.com,0.942,108877
682,cqc.org.uk,0.941,20644
683,curative.com,0.941,29569
684,aacr.org,0.941,37715
685,mysugr.com,0.941,85861
686,beateatingdisorders.org.uk,0.941,109359
687,sysmex-europe.com,0.941,125511
688,massgeneralbrigham.org,0.940,30823
689,sanfe.in,0.940,84449
690,ada.org,0.939,10799
691,apta.org,0.939,34927
692,himalayawellness.com,0.939,84563
693,optimumnutrition.co.in,0.939,86946
694,sermo.com,0.939,106299
695,eyemartexpress.com,0.939,110908
696,sesameworkshop.org,0.938,44388
697,joinladder.com,0.938,45907
698,utswmed.org,0.938,60390
699,parkinsons.org.uk,0.938,83753
700,olympusamerica.com,0.938,91567
701,dsm.com,0.937,42104
702,drinkaware.co.uk,0.937,52483
703,muscleblaze.com,0.937,75749
704,clubpilates.com,0.937,120144
705,brainhq.com,0.936,40905
706,add.org,0.936,69001
707,lorealparis.co.in,0.936,84203
708,alzint.org,0.936,98069
709,psychology.org,0.936,112284
710,researchsquare.com,0.935,18927
711,medline.com,0.935,32688
712,tonal.com,0.934,34430
713,leica-microsystems.com,0.934,62030
714,nookal.com,0.934,63106
715,doximity.com,0.933,15769
716,melanoma.org,0.933,52410
717,mountainroseherbs.com,0.933,66198
718,jolse.com,0.932,72298
719,diabetestrackerpro.com,0.932,86036
720,aligntech.com,0.931,13764
721,powerofpositivity.com,0.931,87842
722,endomondo.com,0.931,98329
723,chirotouch.com,0.931,100984
724,omnicell.com,0.931,105654
725,providerconnect.ca,0.930,85927
726,letshyphen.com,0.930,87026
727,trumprx.gov,0.929,99648
728,medibuddy.in,0.929,103766
729,nationalmssociety.org,0.928,28202
730,healthit.gov,0.928,32475
731,pipingrock.com,0.928,60815
732,health.wa.gov.au,0.928,61237
733,acgme.org,0.928,64081
734,gamban.com,0.928,69739
735,betterhelporg.com,0.928,80743
736,positivepsychology.com,0.927,15482
737,amomama.com,0.927,53840
738,fideliscare.org,0.927,62984
739,arogga.com,0.927,67575
740,ppdi.com,0.927,70710
741,fooducate.com,0.927,81255
742,myiq.com,0.926,14739
743,truemed.com,0.926,54591
744,prose.com,0.926,89280
745,evolutionofsmooth.com,0.926,121118
746,abmp.com,0.926,122544
747,poison.org,0.925,53514
748,bcbsm.com,0.925,66186
749,patanjaliayurved.net,0.925,82248
750,amtamassage.org,0.925,94417
751,vsee.com,0.925,102125
752,ancientherbs.biz,0.925,119505
753,issaonline.com,0.925,125229
754,bluechew.com,0.924,52444
755,nutritionvalue.org,0.924,107954
756,obtainhigh.com,0.924,121448
757,chadd.org,0.923,41233
758,healthyturkiye.com,0.923,76429
759,ehospital.gov.in,0.923,87000
760,imohealth.com,0.923,94142
761,lovelyskin.com,0.923,108727
762,mimi.io,0.923,113641
763,lifelabs.com,0.922,54305
764,paulaschoice.com,0.922,56867
765,thegoodtrade.com,0.922,59505
766,foodrevolution.org,0.922,65262
767,menopause.org,0.922,71587
768,nutrabay.com,0.922,78409
769,thepetlabco.com,0.922,109005
770,anara.com,0.922,119142
771,ifit.com,0.921,8913
772,philips.co.uk,0.921,52186
773,mychartplus.org,0.921,76117
774,goda.co,0.920,71338
775,bausch.com,0.920,72669
776,lyrahealth.com,0.920,80524
777,world-heart-federation.org,0.920,80920
778,avaros.ca,0.920,87946
779,revlon.com,0.920,89795
780,lifehack.org,0.919,9555
781,idsociety.org,0.919,49960
782,findhealthguide.online,0.919,107719
783,pillpack.com,0.918,38857
784,nivabupa.com,0.918,67484
785,mbtitesthub.net,0.918,85209
786,missrose.com.pk,0.918,92997
787,nutraingredients.com,0.917,80440
788,whoop.com,0.916,6578
789,klara.com,0.916,26475
790,lensmartonline.com,0.916,51208
791,swissbeauty.in,0.916,87811
792,cronometer.com,0.915,36730
793,glowing.com,0.915,49211
794,americasbest.com,0.915,51386
795,armakeup.com,0.915,63658
796,rvohealth.com,0.914,21254
797,avert.org,0.914,82899
798,happiestbaby.com,0.914,99983
799,astrazeneca.com,0.913,13787
800,welltory.com,0.913,24137
801,beyondblue.org.au,0.912,27734
802,eurosurveillance.org,0.912,45168
803,carbmanager.com,0.912,95504
804,carenet.com,0.911,56721
805,vaccines.gov,0.911,57987
806,krishnaayurved.com,0.911,88109
807,singhealth.com.sg,0.911,96582
808,legionathletics.com,0.911,117903
809,hologic.com,0.911,122404
810,betterme.world,0.910,25237
811,drchrono.com,0.910,39626
812,arata.in,0.910,91354
813,trans4mind.com,0.910,95004
814,healthpartners.com,0.909,29185
815,weightwatchers.ca,0.909,62986
816,patientsknowbest.com,0.909,75914
817,ddx.dental,0.909,106894
818,gharsoaps.shop,0.907,22745
819,express-scripts.com,0.907,26827
820,edwards.com,0.907,105392
821,blood.co.uk,0.907,116445
822,doxycare.shop,0.906,34601
823,f45training.com,0.906,73664
824,4life.com,0.906,104340
825,scriptpro.com,0.906,116944
826,lumosity.com,0.905,17565
827,mhs.com,0.905,114080
828,thesleepcompany.in,0.904,75976
829,drdoctor.co.uk,0.904,77450
830,optos.com,0.904,80408
831,napper.app,0.904,97109
832,naturaltein.in,0.904,104967
833,clinicalgenome.org,0.904,119859
834,tartecosmetics.com,0.903,41967
835,optumrx.com,0.903,64673
836,personality.co,0.903,71291
837,drsquatch.com,0.903,94355
838,michaeljfox.org,0.902,41050
839,stress.org,0.902,45397
840,aad.org,0.901,11014
841,withcherry.com,0.901,48281
842,modento.com,0.901,69410
843,modento.io,0.901,116363
844,fluoridealert.org,0.901,124825
845,aa.org,0.900,21066
846,evidation.com,0.900,23000
847,lifeline.org.au,0.900,48812
848,adopt.com,0.900,73429
849,ayuslab.com,0.900,91948
850,versanthealth.com,0.900,125510
851,drugstore.com,0.899,47033
852,goldsgym.com,0.899,107027
853,walgreens.com,0.898,2798
854,counselear.com,0.898,65555
855,treatwell.co.uk,0.898,74582
856,developgoodhabits.com,0.898,105274
857,bccdc.ca,0.898,109943
858,uthscsa.edu,0.897,28589
859,teamhealth.com,0.897,102949
860,bcmj.org,0.897,117297
861,womenshealthmag.com,0.896,5586
862,hatchbaby.com,0.896,29733
863,nuawoman.com,0.896,86936
864,mychasma.com,0.896,104961
865,thrivecausemetics.com,0.895,78609
866,nutrifactor.com.pk,0.895,78904
867,sleepopolis.com,0.895,96576
868,pih.org,0.895,97385
869,enneagraminstitute.com,0.895,111077
870,blood.ca,0.895,123384
871,barbend.com,0.894,56305
872,kci.go.kr,0.894,76634
873,papyrus-uk.org,0.894,101449
874,myersbriggs.org,0.893,89710
875,voxo.co,0.892,29790
876,vita4you.gr,0.892,62839
877,rcseng.ac.uk,0.892,76270
878,yazio.com,0.891,22238
879,biolifeplasma.com,0.891,67807
880,bavida.com,0.891,121191
881,healthplix.com,0.890,22302
882,nhsbsa.nhs.uk,0.890,39341
883,mmumullana.org,0.889,85391
884,therabody.com,0.889,107314
885,amboss.com,0.888,17927
886,mytherapist.com,0.888,53655
887,patientviewer.com,0.888,98787
888,marriage.com,0.887,39039
889,nikomu.com,0.887,93119
890,wachanga.app,0.886,68299
891,proteinatlas.org,0.886,76021
892,apprevork.com,0.886,85017
893,nct.org.uk,0.886,98593
894,wachanga.com,0.886,125250
895,appsdevlab.com,0.885,24799
896,bodygram.com,0.885,48673
897,startqubi.com,0.885,74988
898,cbdfx.com,0.885,102806
899,madmuscles.com,0.884,42713
900,pilates-k.jp,0.884,101942
901,mercy.net,0.883,27794
902,revolutionehr.com,0.883,42495
903,zoe.com,0.883,57342
904,boneandjoint.org.uk,0.883,108862
905,miteshkhatri.com,0.882,27018
906,onechartpatient.com,0.882,124629
907,connectiverx.com,0.881,30783
908,cancercenter.com,0.881,59316
909,uroweb.org,0.881,65367
910,philips.co.in,0.881,73363
911,thecalmzone.net,0.881,79737
912,emblemhealth.com,0.881,96642
913,csl.com,0.881,121827
914,clearcareonline.com,0.880,40690
915,sartorius.com,0.880,57477
916,guardianlife.com,0.880,61325
917,nethealth.com,0.880,79300
918,coveredca.com,0.879,60611
919,apollodiagnostics.in,0.879,81968
920,herculeshealth.co.nz,0.879,102323
921,molekule.com,0.879,118728
922,reneecosmetics.in,0.878,82727
923,umc.edu,0.877,49148
924,ncqa.org,0.877,100653
925,deltadentalins.com,0.876,43726
926,getfreed.ai,0.876,48764
927,aapd.org,0.876,63630
928,eatthismuch.com,0.875,67024
929,gethealthie.com,0.875,106589
930,fragrancenet.com,0.874,15824
931,autism.org.uk,0.874,33597
932,myfooddata.com,0.874,57053
933,drugpolicy.org,0.874,66394
934,enlyte.com,0.873,68421
935,unboundmedicine.com,0.873,68883
936,statnews.com,0.872,7082
937,medela.com,0.872,74240
938,jedfoundation.org,0.872,90306
939,dental-monitoring.com,0.872,95273
940,pathcarelabs.com,0.872,105012
941,illuminateed.com,0.870,1655
942,pharmerica.com,0.870,111245
943,incidecoder.com,0.869,50597
944,theordinary.com,0.868,40849
945,elpub.ru,0.868,54190
946,springhealth.com,0.868,64931
947,dynaceglobal.com,0.868,92282
948,sleepadvisor.org,0.868,111486
949,acumenmd.com,0.868,118716
950,octaneai.com,0.867,35136
951,cms.gov,0.866,4421
952,mindful.org,0.866,24583
953,flomattress.com,0.866,88040
954,ccmdd.org.za,0.866,101676
955,caregiver.org,0.865,56477
956,brookdale.com,0.865,105932
957,zandahealth.com,0.863,56103
958,bodylab24.de,0.863,96164
959,hevyapp.com,0.863,101797
960,microbenotes.com,0.863,112074
961,explodingtopics.com,0.862,14686
962,broadinstitute.org,0.862,30568
963,charmtracker.com,0.862,59801
964,pdr.net,0.862,100009
965,earthtimes.org,0.861,68099
966,pappyjoe.com,0.861,93212
967,clinicaltrials.gov,0.860,3744
968,eyemedvisioncare.com,0.860,10751
969,vitalant.org,0.860,49978
970,videahealth.io,0.860,100210
971,rectanglehealth.com,0.859,105296
972,pointclickcare.com,0.858,6013
973,seniorliving.org,0.858,76209
974,oaepublish.com,0.858,91474
975,mumsnet.com,0.857,6315
976,admissions.nic.in,0.857,12183
977,iq-test.cc,0.857,85352
978,e-majestic.com,0.857,108488
979,shopflavcity.com,0.857,112998
980,gamblersanonymous.org,0.856,17099
981,ncoa.org,0.856,22598
982,pharmacy-x.co.uk,0.856,88194
983,leafhome.com,0.856,122861
984,asha.org,0.855,16573
985,youngminds.org.uk,0.855,41196
986,jax.org,0.855,44227
987,ftroll.com,0.855,104753
988,yeastgenome.org,0.855,112383
989,bdadyslexia.org.uk,0.855,124662
990,junction.com,0.854,94616
991,maybelline.com,0.853,58467
992,sleepnumber.com,0.852,10702
993,medbridge.com,0.852,90520
994,multibriefs.com,0.852,104153
995,authenticpacks.com,0.851,27136
996,kyruus.com,0.851,54967
997,healthsparq.com,0.851,66683
998,prometric-jp.com,0.851,67295
999,childhelp.org,0.851,95071
1000,oxefit.com,0.850,114012
