1,vatican.va
2,catholic.org
3,biblegateway.com
4,islamweb.net
5,quran.com
6,chabad.org
7,jw.org
8,bahai.org
9,hinduismtoday.com
10,churchofjesuschrist.org
11,bible.com
12,catholic.com
13,christianitytoday.com
14,gotquestions.org
15,crosswalk.com
16,desiringgod.org
17,ewtn.com
18,usccb.org
19,anglicancommunion.org
20,methodist.org.uk
21,adventist.org
22,elca.org
23,pcusa.org
24,sbc.net
25,opusdei.org
26,taize.fr
27,copticchurch.net
28,oca.org
29,islamqa.info
30,al-islam.org
31,soundvision.com
32,whyislam.org
33,muslimpro.com
34,islamicity.org
35,aboutislam.net
36,seekersguidance.org
37,sunnah.com
38,icna.org
39,yaqeeninstitute.org
40,mpvusa.org
41,iskcon.org
42,holy-bhagavad-gita.org
43,vedanet.com
44,sivanandaonline.org
45,chinmayamission.com
46,ramakrishna.org
47,baps.org
48,himalayanacademy.com
49,arshavidya.org
50,vedanta.org
51,dlshq.org
52,sathyasai.org
53,aurobindo.ru
54,buddhanet.net
55,lionsroar.com
56,tricycle.org
57,dhamma.org
58,bdkamerica.org
59,fpmt.org
60,sgi.org
61,tibet.com
62,accesstoinsight.org
63,plumvillage.org
64,dharmanet.org
65,buddhistdoor.net
66,zen-buddhism.net
67,aish.com
68,myjewishlearning.com
69,jewfaq.org
70,ou.org
71,jtsa.edu
72,reformjudaism.org
73,sefaria.org
74,torah.org
75,jewishvirtuallibrary.org
76,bahai.us
77,sikhiwiki.org
78,sikhnet.com
79,sgpc.net
80,zoroastrian.org
81,avesta.org
82,scientology.org
83,unitarian.org.uk
84,uua.org
85,caodai.org
86,tenrikyo.or.jp
87,neo-paganism.org
88,patheos.com
89,religionnews.com
90,beliefnet.com
91,spiritualityhealth.com
92,interfaith.org
93,worldreligionnews.com
94,vaticannews.va
95,biblestudytools.com
96,blueletterbible.org
97,thegospelcoalition.org
98,billygraham.org
99,cru.org
100,ligonier.org