domain,name,is_tracker_ep,is_tracker_ocd,is_tracker,flagged_by,party_type,session,lifetime_days
pikabu_ru,uid,True,False,True,EasyPrivacy,third_party,False,0
pikabu_ru,sync_cookie_csrf,True,False,True,EasyPrivacy,third_party,False,0
pikabu_ru,sync_cookie_csrf,True,False,True,EasyPrivacy,third_party,False,0
pikabu_ru,sync_cookie_ok,True,False,True,EasyPrivacy,third_party,False,0
pikabu_ru,session_tptc,True,False,True,EasyPrivacy,third_party,False,0
pikabu_ru,user_id,True,False,True,EasyPrivacy,third_party,False,0
pikabu_ru,viuserid,True,False,True,EasyPrivacy,third_party,False,0
mailchi_mp,cg_uuid,True,False,True,EasyPrivacy,third_party,False,0
hurriyet_com_tr,sync_cookie_csrf,True,False,True,EasyPrivacy,third_party,False,0
hurriyet_com_tr,sync_cookie_csrf,True,False,True,EasyPrivacy,third_party,False,0
hurriyet_com_tr,sync_cookie_csrf,True,False,True,EasyPrivacy,third_party,False,0
hurriyet_com_tr,sync_cookie_csrf_secondary,True,False,True,EasyPrivacy,third_party,False,0
hurriyet_com_tr,sync_cookie_csrf_secondary,True,False,True,EasyPrivacy,third_party,False,0
hurriyet_com_tr,sync_cookie_csrf_secondary,True,False,True,EasyPrivacy,third_party,False,0
hurriyet_com_tr,sync_cookie_ok_secondary,True,False,True,EasyPrivacy,third_party,False,0
docker_com,demdex,True,False,True,EasyPrivacy,third_party,False,0
docker_com,dpm,True,False,True,EasyPrivacy,third_party,False,0
rustore_ru,sync_cookie_csrf,True,False,True,EasyPrivacy,third_party,False,0
rustore_ru,sync_cookie_csrf,True,False,True,EasyPrivacy,third_party,False,0
rustore_ru,sync_cookie_ok,True,False,True,EasyPrivacy,third_party,False,0
zhihu_com,HMACCOUNT_BFESS,True,False,True,EasyPrivacy,third_party,False,0
usps_com,X-AB,True,False,True,EasyPrivacy,third_party,False,0
usps_com,zync-uuid,True,False,True,EasyPrivacy,third_party,False,0
usps_com,UID,True,False,True,EasyPrivacy,third_party,False,0
usps_com,sd-session-id,True,False,True,EasyPrivacy,third_party,False,0
usps_com,demdex,True,False,True,EasyPrivacy,third_party,False,0
usps_com,dpm,True,False,True,EasyPrivacy,third_party,False,0
index_hr,uid,True,False,True,EasyPrivacy,third_party,False,0
otto_de,visitorId,True,False,True,EasyPrivacy,first_party,False,0
otto_de,BrowserId,True,False,True,EasyPrivacy,first_party,False,0
otto_de,devSpecs,True,False,True,EasyPrivacy,first_party,False,0
otto_de,KP_UIDz-ssn,True,False,True,EasyPrivacy,first_party,False,0
otto_de,KP_UIDz,True,False,True,EasyPrivacy,first_party,False,0
otto_de,OptanonConsent,True,False,True,EasyPrivacy,first_party,False,0
loc_gov,demdex,True,False,True,EasyPrivacy,third_party,False,0
loc_gov,dpm,True,False,True,EasyPrivacy,third_party,False,0
netlify_app,__cf_bm,True,False,True,EasyPrivacy,third_party,False,0
netlify_app,__cf_bm,True,False,True,EasyPrivacy,third_party,False,0
eepurl_com,cg_uuid,True,False,True,EasyPrivacy,third_party,False,0
hotjar_com,NEXT_LOCALE,True,False,True,EasyPrivacy,first_party,False,0
hotjar_com,_ga_BY4EGTPHRR,True,False,True,EasyPrivacy,first_party,False,0
hotjar_com,OptanonConsent,True,False,True,EasyPrivacy,first_party,False,0
hotjar_com,_gcl_au,True,False,True,EasyPrivacy,first_party,False,0
hotjar_com,_rdt_uuid,True,False,True,EasyPrivacy,first_party,False,0
hotjar_com,_iidt,True,False,True,EasyPrivacy,third_party,False,0
hotjar_com,_vid_t,True,False,True,EasyPrivacy,first_party,False,0
hotjar_com,_twpid,True,False,True,EasyPrivacy,first_party,False,0
hotjar_com,_hp5_meta.236035469,True,False,True,EasyPrivacy,first_party,False,0
hotjar_com,_fbp,True,False,True,EasyPrivacy,first_party,False,0
hotjar_com,_hp5_event_props.236035469,True,False,True,EasyPrivacy,first_party,False,0
hotjar_com,_hp5_let.236035469,True,False,True,EasyPrivacy,first_party,False,0
hotjar_com,_dd_s,True,False,True,EasyPrivacy,first_party,False,0
hotjar_com,_rdt_pn,True,False,True,EasyPrivacy,first_party,False,0
amocrm_ru,visitor_uid,True,False,True,EasyPrivacy,first_party,False,0
klaviyo_com,tt,True,False,True,EasyPrivacy,third_party,False,0
tbank_ru,suuid3,True,False,True,EasyPrivacy,third_party,False,0
tbank_ru,rap_uid,True,False,True,EasyPrivacy,third_party,False,0
tbank_ru,_TADUID,True,False,True,EasyPrivacy,third_party,False,0
tbank_ru,sync_cookie_csrf,True,False,True,EasyPrivacy,third_party,False,0
tbank_ru,sync_cookie_csrf,True,False,True,EasyPrivacy,third_party,False,0
tbank_ru,sync_cookie_ok,True,False,True,EasyPrivacy,third_party,False,0
tbank_ru,rxt_pxids_0,True,False,True,EasyPrivacy,third_party,False,0
grok_com,m,True,False,True,EasyPrivacy,third_party,False,0
tinkoff_ru,suuid3,True,False,True,EasyPrivacy,third_party,False,0
tinkoff_ru,rap_uid,True,False,True,EasyPrivacy,third_party,False,0
tinkoff_ru,_TADUID,True,False,True,EasyPrivacy,third_party,False,0
tinkoff_ru,sync_cookie_csrf,True,False,True,EasyPrivacy,third_party,False,0
tinkoff_ru,sync_cookie_csrf,True,False,True,EasyPrivacy,third_party,False,0
tinkoff_ru,sync_cookie_ok,True,False,True,EasyPrivacy,third_party,False,0
tinkoff_ru,rxt_pxids_0,True,False,True,EasyPrivacy,third_party,False,0
xing_com,X-AB,True,False,True,EasyPrivacy,third_party,False,0
xing_com,xing_csrf_token,True,False,True,EasyPrivacy,first_party,True,0
xing_com,xing_csrf_checksum,True,False,True,EasyPrivacy,first_party,True,0
xing_com,visitor_id,True,False,True,EasyPrivacy,first_party,False,0
xing_com,userConsent,True,False,True,EasyPrivacy,first_party,False,0
xing_com,nwtPrevPage,True,False,True,EasyPrivacy,first_party,False,0
xing_com,stm.fbexid,True,False,True,EasyPrivacy,first_party,False,0
xing_com,_pinterest_ct_ua,True,False,True,EasyPrivacy,third_party,False,0
xing_com,_scid,True,False,True,EasyPrivacy,first_party,False,0
xing_com,_scid_r,True,False,True,EasyPrivacy,first_party,False,0
xing_com,c_,True,False,True,EasyPrivacy,first_party,False,0
npr_org,m,True,False,True,EasyPrivacy,third_party,False,0
fortune_com,gckp,True,False,True,EasyPrivacy,third_party,False,0
eenadu_net,IMRID,True,False,True,EasyPrivacy,third_party,False,0
pla3_com,sync_cookie_csrf,True,False,True,EasyPrivacy,third_party,False,0
pla3_com,sync_cookie_csrf,True,False,True,EasyPrivacy,third_party,False,0
pla3_com,sync_cookie_csrf_secondary,True,False,True,EasyPrivacy,third_party,False,0
pla3_com,sync_cookie_csrf_secondary,True,False,True,EasyPrivacy,third_party,False,0
pla3_com,sync_cookie_ok_secondary,True,False,True,EasyPrivacy,third_party,False,0
amplitude_com,AMP_MKTG_e3e918f274,True,False,True,EasyPrivacy,first_party,False,0
amplitude_com,AMP_MKTG_8f241b95e3,True,False,True,EasyPrivacy,first_party,False,0
amplitude_com,AMP_MKTG_c64663a7bf,True,False,True,EasyPrivacy,first_party,False,0
amplitude_com,AMP_8f241b95e3,True,False,True,EasyPrivacy,first_party,False,0
amplitude_com,AMP_e3e918f274,True,False,True,EasyPrivacy,first_party,False,0
amplitude_com,AMP_c64663a7bf,True,False,True,EasyPrivacy,first_party,False,0
jimdo_com,AnalyseUnique,True,False,True,EasyPrivacy,third_party,False,0
jimdo_com,_pinterest_ct_ua,True,False,True,EasyPrivacy,third_party,False,0
segment_io,demdex,True,False,True,EasyPrivacy,third_party,False,0
segment_io,dpm,True,False,True,EasyPrivacy,third_party,False,0
segment_io,cg_uuid,True,False,True,EasyPrivacy,third_party,False,0
sinoptik_ua,uid,True,False,True,EasyPrivacy,third_party,False,0
sinoptik_ua,uid,True,False,True,EasyPrivacy,third_party,False,0
sinoptik_ua,c,True,False,True,EasyPrivacy,third_party,False,0
sinoptik_ua,tuuid_lu,True,False,True,EasyPrivacy,third_party,False,0
sinoptik_ua,tuuid,True,False,True,EasyPrivacy,third_party,False,0
sinoptik_ua,custom_data,True,False,True,EasyPrivacy,third_party,False,0
sinoptik_ua,uids,True,False,True,EasyPrivacy,third_party,False,0
haberler_com,apuid,True,False,True,EasyPrivacy,third_party,False,0
haberler_com,receive-cookie-deprecation,True,False,True,EasyPrivacy,third_party,False,0
haberler_com,Gtest,True,False,True,EasyPrivacy,third_party,False,0
haberler_com,Gdynp,True,False,True,EasyPrivacy,third_party,False,0
haberler_com,sync_cookie_csrf,True,False,True,EasyPrivacy,third_party,False,0
haberler_com,sync_cookie_csrf,True,False,True,EasyPrivacy,third_party,False,0
haberler_com,sync_cookie_csrf_secondary,True,False,True,EasyPrivacy,third_party,False,0
haberler_com,sync_cookie_csrf_secondary,True,False,True,EasyPrivacy,third_party,False,0
haberler_com,sync_cookie_ok_secondary,True,False,True,EasyPrivacy,third_party,False,0
haberler_com,uid,True,False,True,EasyPrivacy,third_party,False,0
haberler_com,uid,True,False,True,EasyPrivacy,third_party,False,0
haberler_com,equativ,True,False,True,EasyPrivacy,third_party,False,0
haberler_com,iqm.retarget.uid,True,False,True,EasyPrivacy,third_party,False,0
haberler_com,uuid,True,False,True,EasyPrivacy,third_party,False,0
haberler_com,tuuid,True,False,True,EasyPrivacy,third_party,False,0
haberler_com,tuuid_lu,True,False,True,EasyPrivacy,third_party,False,0
haberler_com,uid,True,False,True,EasyPrivacy,third_party,False,0
gamewith_jp,receive-cookie-deprecation,True,False,True,EasyPrivacy,third_party,False,0
mailchimp_com,cg_uuid,True,False,True,EasyPrivacy,third_party,False,0
gazzetta_it,demdex,True,False,True,EasyPrivacy,third_party,False,0
gazzetta_it,IMRID,True,False,True,EasyPrivacy,third_party,False,0
gazzetta_it,dpm,True,False,True,EasyPrivacy,third_party,False,0
aucey_com,sync_cookie_csrf,True,False,True,EasyPrivacy,third_party,False,0
aucey_com,sync_cookie_csrf,True,False,True,EasyPrivacy,third_party,False,0
aucey_com,sync_cookie_csrf_secondary,True,False,True,EasyPrivacy,third_party,False,0
aucey_com,sync_cookie_csrf_secondary,True,False,True,EasyPrivacy,third_party,False,0
aucey_com,sync_cookie_ok_secondary,True,False,True,EasyPrivacy,third_party,False,0
clevelandclinic_org,demdex,True,False,True,EasyPrivacy,third_party,False,0
singular_net,__cf_bm,True,False,True,EasyPrivacy,first_party,False,0
singular_net,linguise_lang,True,False,True,EasyPrivacy,first_party,False,0
singular_net,__cf_bm,True,False,True,EasyPrivacy,third_party,False,0
singular_net,__cf_bm,True,False,True,EasyPrivacy,third_party,False,0
singular_net,cf_clearance,True,False,True,EasyPrivacy,first_party,False,0
singular_net,__cf_bm,True,False,True,EasyPrivacy,first_party,False,0
singular_net,__hstc,True,False,True,EasyPrivacy,first_party,False,0
singular_net,hubspotutk,True,False,True,EasyPrivacy,first_party,False,0
singular_net,__hssrc,True,False,True,EasyPrivacy,first_party,True,0
singular_net,__hssc,True,False,True,EasyPrivacy,first_party,False,0
sarkariresult_com_cm,__cf_bm,True,False,True,EasyPrivacy,third_party,False,0
sarkariresult_com_cm,IZCID,True,False,True,EasyPrivacy,third_party,False,0
twilio_com,demdex,True,False,True,EasyPrivacy,third_party,False,0
twilio_com,dpm,True,False,True,EasyPrivacy,third_party,False,0
twilio_com,cg_uuid,True,False,True,EasyPrivacy,third_party,False,0
turbo_az,sync_cookie_csrf,True,False,True,EasyPrivacy,third_party,False,0
turbo_az,sync_cookie_csrf,True,False,True,EasyPrivacy,third_party,False,0
turbo_az,sync_cookie_ok,True,False,True,EasyPrivacy,third_party,False,0
testbook_com,AWSALBCORS,True,False,True,EasyPrivacy,third_party,False,0
testbook_com,WebKlipperAuth,True,False,True,EasyPrivacy,third_party,False,0
testbook_com,_we_rf,True,False,True,EasyPrivacy,third_party,False,0
moloco_com,__cf_bm,True,False,True,EasyPrivacy,third_party,False,0
moloco_com,__cf_bm,True,False,True,EasyPrivacy,third_party,False,0
wpguardian_io,__cf_bm,True,False,True,EasyPrivacy,third_party,False,0
alidns_com,cna,True,False,True,EasyPrivacy,third_party,False,0
alidns_com,sca,True,False,True,EasyPrivacy,third_party,True,0
alidns_com,cna,True,False,True,EasyPrivacy,third_party,False,0
alidns_com,atpsida,True,False,True,EasyPrivacy,third_party,True,0
onesignal_com,_BUID,True,False,True,EasyPrivacy,third_party,False,0
onesignal_com,__cf_bm,True,False,True,EasyPrivacy,third_party,False,0
onesignal_com,_cfuvid,True,False,True,EasyPrivacy,third_party,True,0
jwplayer_com,__cf_bm,True,False,True,EasyPrivacy,third_party,False,0
jwplayer_com,__cf_bm,True,False,True,EasyPrivacy,third_party,False,0
terra_com_br,trk,True,False,True,EasyPrivacy,third_party,False,0
terra_com_br,_ssc,True,False,True,EasyPrivacy,third_party,False,0
terra_com_br,u,True,False,True,EasyPrivacy,third_party,False,0
terra_com_br,ttbprf,True,False,True,EasyPrivacy,third_party,False,0
terra_com_br,ttc,True,False,True,EasyPrivacy,third_party,False,0
terra_com_br,ttnprf,True,False,True,EasyPrivacy,third_party,False,0
terra_com_br,ttca,True,False,True,EasyPrivacy,third_party,False,0
terra_com_br,n,True,False,True,EasyPrivacy,third_party,False,0
terra_com_br,uid,True,False,True,EasyPrivacy,third_party,False,0
ilfattoquotidiano_it,IMRID,True,False,True,EasyPrivacy,third_party,False,0
ipinfo_io,__cf_bm,True,False,True,EasyPrivacy,third_party,False,0
ipinfo_io,__cf_bm,True,False,True,EasyPrivacy,third_party,False,0
jino_ru,sync_cookie_csrf,True,False,True,EasyPrivacy,third_party,False,0
jino_ru,sync_cookie_csrf,True,False,True,EasyPrivacy,third_party,False,0
jino_ru,sync_cookie_ok,True,False,True,EasyPrivacy,third_party,False,0
euronews_com,demdex,True,False,True,EasyPrivacy,third_party,False,0
euronews_com,dpm,True,False,True,EasyPrivacy,third_party,False,0
euronews_com,dextp,True,False,True,EasyPrivacy,third_party,False,0
euronews_com,ASP.NET_SessionId,True,False,True,EasyPrivacy,third_party,True,0
bitdefender_com,demdex,True,False,True,EasyPrivacy,third_party,False,0
bitdefender_com,_BUID,True,False,True,EasyPrivacy,third_party,False,0
bitdefender_com,tuuid,True,False,True,EasyPrivacy,third_party,False,0
bitdefender_com,tuuid_lu,True,False,True,EasyPrivacy,third_party,False,0
bidmachine_io,__cf_bm,True,False,True,EasyPrivacy,third_party,False,0
bidmachine_io,__cf_bm,True,False,True,EasyPrivacy,third_party,False,0
mparticle_com,OptanonConsent,True,False,True,EasyPrivacy,first_party,False,0
instructure_com,tuuid,True,False,True,EasyPrivacy,third_party,False,0
instructure_com,tuuid_lu,True,False,True,EasyPrivacy,third_party,False,0
instructure_com,tt,True,False,True,EasyPrivacy,third_party,False,0
outbrain_com,OptanonConsent,True,False,True,EasyPrivacy,first_party,False,0
netkeiba_com,uid,True,False,True,EasyPrivacy,third_party,False,0
media_net,_twpid,True,False,True,EasyPrivacy,first_party,False,0
media_net,_uetsid,True,False,True,EasyPrivacy,first_party,False,0
media_net,_uetvid,True,False,True,EasyPrivacy,first_party,False,0
media_net,_fbp,True,False,True,EasyPrivacy,first_party,False,0
media_net,_gat_UA-22554797-6,True,False,True,EasyPrivacy,first_party,False,0
media_net,_gcl_au,True,False,True,EasyPrivacy,first_party,False,0
media_net,_ga_3XKS6CS72C,True,False,True,EasyPrivacy,first_party,False,0
media_net,__cmpconsentx66271,True,False,True,EasyPrivacy,first_party,False,0
media_net,__cmpcccx66271,True,False,True,EasyPrivacy,first_party,False,0
sexvid_pro,sync_cookie_csrf,True,False,True,EasyPrivacy,third_party,False,0
sexvid_pro,sync_cookie_csrf,True,False,True,EasyPrivacy,third_party,False,0
sexvid_pro,sync_cookie_csrf_secondary,True,False,True,EasyPrivacy,third_party,False,0
sexvid_pro,sync_cookie_csrf_secondary,True,False,True,EasyPrivacy,third_party,False,0
sexvid_pro,sync_cookie_ok_secondary,True,False,True,EasyPrivacy,third_party,False,0
independent_co_uk,visid_incap_2975417,True,False,True,EasyPrivacy,third_party,False,0
independent_co_uk,nlbi_2975417,True,False,True,EasyPrivacy,third_party,True,0
independent_co_uk,incap_ses_537_2975417,True,False,True,EasyPrivacy,third_party,True,0
independent_co_uk,demdex,True,False,True,EasyPrivacy,third_party,False,0
independent_co_uk,dpm,True,False,True,EasyPrivacy,third_party,False,0
imgsmail_ru,sync_cookie_csrf,True,False,True,EasyPrivacy,third_party,False,0
imgsmail_ru,sync_cookie_csrf,True,False,True,EasyPrivacy,third_party,False,0
imgsmail_ru,sync_cookie_ok,True,False,True,EasyPrivacy,third_party,False,0
blic_rs,receive-cookie-deprecation,True,False,True,EasyPrivacy,third_party,False,0
blic_rs,Gtest,True,False,True,EasyPrivacy,third_party,False,0
blic_rs,Gdynp,True,False,True,EasyPrivacy,third_party,False,0
blic_rs,gckp,True,False,True,EasyPrivacy,third_party,False,0
blic_rs,ea_uuid,True,False,True,EasyPrivacy,third_party,False,0
blic_rs,acc_segment,True,False,True,EasyPrivacy,third_party,False,0
blic_rs,acc_segment_ts,True,False,True,EasyPrivacy,third_party,False,0
businessinsider_com,ccuid,True,False,True,EasyPrivacy,third_party,False,0
kaspersky_com,uid,True,False,True,EasyPrivacy,third_party,False,0
kaspersky_com,sync_cookie_csrf,True,False,True,EasyPrivacy,third_party,False,0
kaspersky_com,sync_cookie_csrf,True,False,True,EasyPrivacy,third_party,False,0
infobae_com,sui_3pc,True,False,True,EasyPrivacy,third_party,False,0
like_video,sync_cookie_csrf,True,False,True,EasyPrivacy,third_party,False,0
like_video,sync_cookie_csrf,True,False,True,EasyPrivacy,third_party,False,0
like_video,sync_cookie_csrf_secondary,True,False,True,EasyPrivacy,third_party,False,0
like_video,sync_cookie_csrf_secondary,True,False,True,EasyPrivacy,third_party,False,0
like_video,sync_cookie_ok_secondary,True,False,True,EasyPrivacy,third_party,False,0
dyndns_org,io_token_7c6a6574-f011-4c9a-abdd-9894a102ccef,True,False,True,EasyPrivacy,third_party,False,0
dyndns_org,demdex,True,False,True,EasyPrivacy,third_party,False,0
soundcloud_com,sc_tracking_anonymous_id,True,False,True,EasyPrivacy,first_party,False,0
soundcloud_com,sc_theme,True,False,True,EasyPrivacy,first_party,False,0
soundcloud_com,OptanonConsent,True,False,True,EasyPrivacy,first_party,False,0
soundcloud_com,cw-test-00000000_htlbid-tude_0_100,True,False,True,EasyPrivacy,first_party,False,0
soundcloud_com,cw-test-20250908_bcss_50_50,True,False,True,EasyPrivacy,first_party,False,0
soundcloud_com,cw-test-20251027_triplelift-test_10_90,True,False,True,EasyPrivacy,first_party,False,0
soundcloud_com,cw-test-20250425_refresh-viewable-test_30_70,True,False,True,EasyPrivacy,first_party,False,0
soundcloud_com,datadome,True,False,True,EasyPrivacy,first_party,False,0
parklogic_com,PHPSESSID,True,False,True,EasyPrivacy,first_party,False,0
parklogic_com,uidinfer,True,False,True,EasyPrivacy,first_party,False,0
fontawesome_com,m,True,False,True,EasyPrivacy,third_party,False,0
prom_ua,uid,True,False,True,EasyPrivacy,third_party,False,0
gumgum_com,__cf_bm,True,False,True,EasyPrivacy,third_party,False,0
gumgum_com,__cf_bm,True,False,True,EasyPrivacy,third_party,False,0
adroll_com,__cf_bm,True,False,True,EasyPrivacy,third_party,False,0
amazon_com_au,tuuid,True,False,True,EasyPrivacy,third_party,False,0
amazon_com_au,c,True,False,True,EasyPrivacy,third_party,False,0
amazon_com_au,tuuid_lu,True,False,True,EasyPrivacy,third_party,False,0
amazon_com_au,zc,True,False,True,EasyPrivacy,third_party,False,0
amazon_com_au,demdex,True,False,True,EasyPrivacy,third_party,False,0
amazon_com_au,dpm,True,False,True,EasyPrivacy,third_party,False,0
amazon_com_au,SEUNCY,True,False,True,EasyPrivacy,third_party,False,0
gdz_ru,aid,True,False,True,EasyPrivacy,third_party,False,0
gdz_ru,sync_cookie_csrf,True,False,True,EasyPrivacy,third_party,False,0
gdz_ru,sync_cookie_csrf,True,False,True,EasyPrivacy,third_party,False,0
gdz_ru,sync_cookie_ok,True,False,True,EasyPrivacy,third_party,False,0
gdz_ru,tuuid,True,False,True,EasyPrivacy,third_party,False,0
gdz_ru,c,True,False,True,EasyPrivacy,third_party,False,0
gdz_ru,tuuid_lu,True,False,True,EasyPrivacy,third_party,False,0
gdz_ru,rap_uid,True,False,True,EasyPrivacy,third_party,False,0
gdz_ru,rxt_pxids_0,True,False,True,EasyPrivacy,third_party,False,0
gdz_ru,cSyncDp14v4,True,False,True,EasyPrivacy,third_party,False,0
gdz_ru,uid,True,False,True,EasyPrivacy,third_party,False,0
gdz_ru,nid,True,False,True,EasyPrivacy,third_party,False,0
docker_io,demdex,True,False,True,EasyPrivacy,third_party,False,0
docker_io,dpm,True,False,True,EasyPrivacy,third_party,False,0
consultant_ru,sync_cookie_csrf,True,False,True,EasyPrivacy,third_party,False,0
consultant_ru,sync_cookie_csrf,True,False,True,EasyPrivacy,third_party,False,0
consultant_ru,sync_cookie_ok,True,False,True,EasyPrivacy,third_party,False,0
novinky_cz,sznlbr,True,False,True,EasyPrivacy,third_party,False,0
yomiuri_co_jp,__cf_bm,True,False,True,EasyPrivacy,third_party,False,0
yomiuri_co_jp,ope_uid,True,False,True,EasyPrivacy,third_party,False,0
yomiuri_co_jp,ope_uidp,True,False,True,EasyPrivacy,third_party,False,0
yomiuri_co_jp,cr,True,False,True,EasyPrivacy,third_party,False,0
yomiuri_co_jp,smn_uid,True,False,True,EasyPrivacy,third_party,False,0
yomiuri_co_jp,lr_ni-Dhtx53e8,True,False,True,EasyPrivacy,third_party,False,0
yomiuri_co_jp,lrp_ni-Dhtx53e8,True,False,True,EasyPrivacy,third_party,False,0
yomiuri_co_jp,lum,True,False,True,EasyPrivacy,third_party,False,0
yomiuri_co_jp,imid_secure,True,False,True,EasyPrivacy,third_party,False,0
yomiuri_co_jp,imid_created_secure,True,False,True,EasyPrivacy,third_party,False,0
yomiuri_co_jp,pfxid,True,False,True,EasyPrivacy,third_party,False,0
yomiuri_co_jp,pfxids_logicad,True,False,True,EasyPrivacy,third_party,False,0
yomiuri_co_jp,lr_1wgIneoePoM,True,False,True,EasyPrivacy,third_party,False,0
yomiuri_co_jp,lrp_1wgIneoePoM,True,False,True,EasyPrivacy,third_party,False,0
sexvid_xxx,sync_cookie_csrf,True,False,True,EasyPrivacy,third_party,False,0
sexvid_xxx,sync_cookie_csrf,True,False,True,EasyPrivacy,third_party,False,0
sexvid_xxx,sync_cookie_csrf_secondary,True,False,True,EasyPrivacy,third_party,False,0
sexvid_xxx,sync_cookie_csrf_secondary,True,False,True,EasyPrivacy,third_party,False,0
sexvid_xxx,sync_cookie_ok_secondary,True,False,True,EasyPrivacy,third_party,False,0
nginx_com,demdex,True,False,True,EasyPrivacy,third_party,False,0
userapi_com,guid,True,False,True,EasyPrivacy,third_party,False,0
ok_ru,sync_cookie_csrf,True,False,True,EasyPrivacy,third_party,False,0
ok_ru,sync_cookie_csrf,True,False,True,EasyPrivacy,third_party,False,0
ok_ru,sync_cookie_csrf_secondary,True,False,True,EasyPrivacy,third_party,False,0
ok_ru,sync_cookie_csrf_secondary,True,False,True,EasyPrivacy,third_party,False,0
ok_ru,sync_cookie_ok_secondary,True,False,True,EasyPrivacy,third_party,False,0
ok_ru,guid,True,False,True,EasyPrivacy,third_party,False,0
newsweek_com,_t,True,False,True,EasyPrivacy,third_party,False,0
newsweek_com,arcid,True,False,True,EasyPrivacy,third_party,False,0
newsweek_com,cohorts,True,False,True,EasyPrivacy,third_party,False,0
newsweek_com,TapAd_TS,True,False,True,EasyPrivacy,third_party,False,0
newsweek_com,TapAd_DID,True,False,True,EasyPrivacy,third_party,False,0
newsweek_com,TapAd_3WAY_SYNCS,True,False,True,EasyPrivacy,third_party,False,0
newsweek_com,gckp,True,False,True,EasyPrivacy,third_party,False,0
filmweb_pl,receive-cookie-deprecation,True,False,True,EasyPrivacy,third_party,False,0
filmweb_pl,Gtest,True,False,True,EasyPrivacy,third_party,False,0
filmweb_pl,Gdynp,True,False,True,EasyPrivacy,third_party,False,0
sonobi_com,__cf_bm,True,False,True,EasyPrivacy,third_party,False,0
tinyurl_com,m,True,False,True,EasyPrivacy,third_party,False,0
go_com,demdex,True,False,True,EasyPrivacy,third_party,False,0
bugsnag_com,_conv_v,True,False,True,EasyPrivacy,first_party,False,0
bugsnag_com,_conv_s,True,False,True,EasyPrivacy,first_party,False,0
uol_com_br,UOLID,True,False,True,EasyPrivacy,first_party,False,0
uol_com_br,gckp,True,False,True,EasyPrivacy,third_party,False,0
hubspot_com,__cf_bm,True,False,True,EasyPrivacy,third_party,False,0
hubspot_com,__cf_bm,True,False,True,EasyPrivacy,third_party,False,0
time_com,demdex,True,False,True,EasyPrivacy,third_party,False,0
time_com,dpm,True,False,True,EasyPrivacy,third_party,False,0
time_com,suid,True,False,True,EasyPrivacy,third_party,False,0
time_com,bitoIsSecure,True,False,True,EasyPrivacy,third_party,False,0
time_com,bito,True,False,True,EasyPrivacy,third_party,False,0
abc_es,demdex,True,False,True,EasyPrivacy,third_party,False,0
abc_es,dextp,True,False,True,EasyPrivacy,third_party,False,0
abc_es,dpm,True,False,True,EasyPrivacy,third_party,False,0
ak2yy_com,sync_cookie_csrf,True,False,True,EasyPrivacy,third_party,False,0
ak2yy_com,sync_cookie_csrf,True,False,True,EasyPrivacy,third_party,False,0
ak2yy_com,sync_cookie_csrf_secondary,True,False,True,EasyPrivacy,third_party,False,0
ak2yy_com,sync_cookie_csrf_secondary,True,False,True,EasyPrivacy,third_party,False,0
ak2yy_com,sync_cookie_ok_secondary,True,False,True,EasyPrivacy,third_party,False,0
doubleverify_com,__cf_bm,True,False,True,EasyPrivacy,third_party,False,0
mixpanel_com,optimizelyEndUserId,True,False,True,EasyPrivacy,first_party,False,0
mixpanel_com,TAsessionID,True,False,True,EasyPrivacy,first_party,False,0
mixpanel_com,notice_behavior,True,False,True,EasyPrivacy,first_party,True,0
mixpanel_com,optimizelySession,True,False,True,EasyPrivacy,first_party,False,0
nu_nl,gckp,True,False,True,EasyPrivacy,third_party,False,0
nu_nl,uid,True,False,True,EasyPrivacy,third_party,False,0
nu_nl,tuuid,True,False,True,EasyPrivacy,third_party,False,0
nu_nl,c,True,False,True,EasyPrivacy,third_party,False,0
nu_nl,tuuid_lu,True,False,True,EasyPrivacy,third_party,False,0
nu_nl,bito,True,False,True,EasyPrivacy,third_party,False,0
nu_nl,bitoIsSecure,True,False,True,EasyPrivacy,third_party,False,0
thisvid_com,sync_cookie_csrf,True,False,True,EasyPrivacy,third_party,False,0
thisvid_com,sync_cookie_csrf,True,False,True,EasyPrivacy,third_party,False,0
thisvid_com,sync_cookie_csrf_secondary,True,False,True,EasyPrivacy,third_party,False,0
thisvid_com,sync_cookie_csrf_secondary,True,False,True,EasyPrivacy,third_party,False,0
thisvid_com,sync_cookie_ok_secondary,True,False,True,EasyPrivacy,third_party,False,0
trendmicro_com,demdex,True,False,True,EasyPrivacy,third_party,False,0
trendmicro_com,dpm,True,False,True,EasyPrivacy,third_party,False,0
trendmicro_com,6suuid,True,False,True,EasyPrivacy,third_party,False,0
scorecardresearch_com,_gat_UA-119005978-5,True,False,True,EasyPrivacy,first_party,False,0
scorecardresearch_com,_ga_NELC7B6GSD,True,False,True,EasyPrivacy,first_party,False,0
adrta_com,__aasi,True,False,True,EasyPrivacy,first_party,True,0
adrta_com,__aast,True,False,True,EasyPrivacy,first_party,True,0
adrta_com,__aavi,True,False,True,EasyPrivacy,first_party,False,0
adrta_com,__aavt,True,False,True,EasyPrivacy,first_party,False,0
mechacomic_jp,__cf_bm,True,False,True,EasyPrivacy,third_party,False,0
mechacomic_jp,g,True,False,True,EasyPrivacy,third_party,False,0
mechacomic_jp,tid,True,False,True,EasyPrivacy,third_party,False,0
ibm_com,demdex,True,False,True,EasyPrivacy,third_party,False,0
betway_co_za,thx_global_guid,True,False,True,EasyPrivacy,third_party,False,0
betway_co_za,bitoIsSecure,True,False,True,EasyPrivacy,third_party,False,0
betway_co_za,bito,True,False,True,EasyPrivacy,third_party,False,0
ad_nl,uid,True,False,True,EasyPrivacy,third_party,False,0
ad_nl,tuuid,True,False,True,EasyPrivacy,third_party,False,0
ad_nl,c,True,False,True,EasyPrivacy,third_party,False,0
ad_nl,tuuid_lu,True,False,True,EasyPrivacy,third_party,False,0
ad_nl,bito,True,False,True,EasyPrivacy,third_party,False,0
ad_nl,bitoIsSecure,True,False,True,EasyPrivacy,third_party,False,0
moe_video,sync_cookie_csrf,True,False,True,EasyPrivacy,third_party,False,0
moe_video,sync_cookie_csrf,True,False,True,EasyPrivacy,third_party,False,0
moe_video,sync_cookie_csrf_secondary,True,False,True,EasyPrivacy,third_party,False,0
moe_video,sync_cookie_csrf_secondary,True,False,True,EasyPrivacy,third_party,False,0
moe_video,sync_cookie_ok_secondary,True,False,True,EasyPrivacy,third_party,False,0
dribbble_com,rmuid,True,False,True,EasyPrivacy,third_party,False,0
smartthings_com,da_lid,True,False,True,EasyPrivacy,third_party,False,0
smartthings_com,da_sid,True,False,True,EasyPrivacy,third_party,False,0
smartthings_com,demdex,True,False,True,EasyPrivacy,third_party,False,0
smartthings_com,dpm,True,False,True,EasyPrivacy,third_party,False,0
smartthings_com,TAPID,True,False,True,EasyPrivacy,third_party,False,0
smartthings_com,rmuid,True,False,True,EasyPrivacy,third_party,False,0
qualtrics_com,6suuid,True,False,True,EasyPrivacy,third_party,False,0
simpli_fi,__cf_bm,True,False,True,EasyPrivacy,first_party,False,0
simpli_fi,__cf_bm,True,False,True,EasyPrivacy,third_party,False,0
simpli_fi,__hssrc,True,False,True,EasyPrivacy,first_party,True,0
airbnb_com,_pinterest_ct_ua,True,False,True,EasyPrivacy,third_party,False,0
canada_ca,demdex,True,False,True,EasyPrivacy,third_party,False,0
canada_ca,dpm,True,False,True,EasyPrivacy,third_party,False,0
amazon_com_br,tuuid,True,False,True,EasyPrivacy,third_party,False,0
amazon_com_br,c,True,False,True,EasyPrivacy,third_party,False,0
amazon_com_br,tuuid_lu,True,False,True,EasyPrivacy,third_party,False,0
amazon_com_br,zc,True,False,True,EasyPrivacy,third_party,False,0
amazon_com_br,demdex,True,False,True,EasyPrivacy,third_party,False,0
amazon_com_br,dpm,True,False,True,EasyPrivacy,third_party,False,0
amazon_com_br,SEUNCY,True,False,True,EasyPrivacy,third_party,False,0
zeit_de,gckp,True,False,True,EasyPrivacy,third_party,False,0
gdemoideti_ru,sync_cookie_csrf,True,False,True,EasyPrivacy,third_party,False,0
gdemoideti_ru,sync_cookie_csrf,True,False,True,EasyPrivacy,third_party,False,0
gdemoideti_ru,sync_cookie_csrf_secondary,True,False,True,EasyPrivacy,third_party,False,0
gdemoideti_ru,sync_cookie_csrf_secondary,True,False,True,EasyPrivacy,third_party,False,0
gdemoideti_ru,sync_cookie_ok_secondary,True,False,True,EasyPrivacy,third_party,False,0
beget_com,sync_cookie_csrf,True,False,True,EasyPrivacy,third_party,False,0
beget_com,sync_cookie_csrf,True,False,True,EasyPrivacy,third_party,False,0
beget_com,sync_cookie_csrf_secondary,True,False,True,EasyPrivacy,third_party,False,0
beget_com,sync_cookie_csrf_secondary,True,False,True,EasyPrivacy,third_party,False,0
beget_com,sync_cookie_ok_secondary,True,False,True,EasyPrivacy,third_party,False,0
reg_ru,sync_cookie_csrf,True,False,True,EasyPrivacy,third_party,False,0
reg_ru,sync_cookie_csrf,True,False,True,EasyPrivacy,third_party,False,0
reg_ru,sync_cookie_ok,True,False,True,EasyPrivacy,third_party,False,0
acs_org,demdex,True,False,True,EasyPrivacy,third_party,False,0
russianfood_com,sync_cookie_csrf,True,False,True,EasyPrivacy,third_party,False,0
russianfood_com,sync_cookie_csrf,True,False,True,EasyPrivacy,third_party,False,0
russianfood_com,sync_cookie_ok,True,False,True,EasyPrivacy,third_party,False,0
cnbc_com,gckp,True,False,True,EasyPrivacy,third_party,False,0
blackrussia_online,sync_cookie_csrf,True,False,True,EasyPrivacy,third_party,False,0
blackrussia_online,sync_cookie_csrf,True,False,True,EasyPrivacy,third_party,False,0
blackrussia_online,sync_cookie_ok,True,False,True,EasyPrivacy,third_party,False,0
hln_be,uid,True,False,True,EasyPrivacy,third_party,False,0
hln_be,receive-cookie-deprecation,True,False,True,EasyPrivacy,third_party,False,0
hln_be,Gtest,True,False,True,EasyPrivacy,third_party,False,0
hln_be,Gdynp,True,False,True,EasyPrivacy,third_party,False,0
hln_be,tuuid,True,False,True,EasyPrivacy,third_party,False,0
hln_be,c,True,False,True,EasyPrivacy,third_party,False,0
hln_be,tuuid_lu,True,False,True,EasyPrivacy,third_party,False,0
hln_be,suid,True,False,True,EasyPrivacy,third_party,False,0
hln_be,bitoIsSecure,True,False,True,EasyPrivacy,third_party,False,0
hln_be,IDSYNC,True,False,True,EasyPrivacy,third_party,False,0
hln_be,bito,True,False,True,EasyPrivacy,third_party,False,0
hln_be,TapAd_TS,True,False,True,EasyPrivacy,third_party,False,0
hln_be,TapAd_DID,True,False,True,EasyPrivacy,third_party,False,0
hln_be,TapAd_3WAY_SYNCS,True,False,True,EasyPrivacy,third_party,False,0
nic_ru,sync_cookie_csrf,True,False,True,EasyPrivacy,third_party,False,0
nic_ru,sync_cookie_csrf,True,False,True,EasyPrivacy,third_party,False,0
nic_ru,sync_cookie_csrf_secondary,True,False,True,EasyPrivacy,third_party,False,0
nic_ru,sync_cookie_csrf_secondary,True,False,True,EasyPrivacy,third_party,False,0
nic_ru,sync_cookie_ok_secondary,True,False,True,EasyPrivacy,third_party,False,0
huggingface_co,m,True,False,True,EasyPrivacy,third_party,False,0
idnes_cz,receive-cookie-deprecation,True,False,True,EasyPrivacy,third_party,False,0
idnes_cz,Gtest,True,False,True,EasyPrivacy,third_party,False,0
idnes_cz,Gdynp,True,False,True,EasyPrivacy,third_party,False,0
idnes_cz,uid,True,False,True,EasyPrivacy,third_party,False,0
ipify_org,__cf_bm,True,False,True,EasyPrivacy,third_party,False,0
ipify_org,__cf_bm,True,False,True,EasyPrivacy,third_party,False,0
aliexpress_com,cna,True,False,True,EasyPrivacy,third_party,False,0
techcrunch_com,__cf_bm,True,False,True,EasyPrivacy,third_party,False,0
1c_ru,sync_cookie_csrf,True,False,True,EasyPrivacy,third_party,False,0
1c_ru,sync_cookie_csrf,True,False,True,EasyPrivacy,third_party,False,0
1c_ru,sync_cookie_csrf_secondary,True,False,True,EasyPrivacy,third_party,False,0
1c_ru,sync_cookie_csrf_secondary,True,False,True,EasyPrivacy,third_party,False,0
1c_ru,sync_cookie_ok_secondary,True,False,True,EasyPrivacy,third_party,False,0
onetrust_com,__cf_bm,True,False,True,EasyPrivacy,first_party,False,0
onetrust_com,OptanonConsent,True,False,True,EasyPrivacy,first_party,False,0
yandex_ru,sync_cookie_csrf,True,False,True,EasyPrivacy,third_party,False,0
yandex_ru,sync_cookie_csrf,True,False,True,EasyPrivacy,first_party,False,0
yandex_ru,sync_cookie_ok,True,False,True,EasyPrivacy,third_party,False,0
netangels_ru,sync_cookie_csrf,True,False,True,EasyPrivacy,third_party,False,0
netangels_ru,sync_cookie_csrf,True,False,True,EasyPrivacy,third_party,False,0
netangels_ru,sync_cookie_csrf_secondary,True,False,True,EasyPrivacy,third_party,False,0
netangels_ru,sync_cookie_csrf_secondary,True,False,True,EasyPrivacy,third_party,False,0
netangels_ru,sync_cookie_ok_secondary,True,False,True,EasyPrivacy,third_party,False,0
olx_pl,onap,True,False,True,EasyPrivacy,third_party,False,0
bitdefender_net,demdex,True,False,True,EasyPrivacy,third_party,False,0
bitdefender_net,_BUID,True,False,True,EasyPrivacy,third_party,False,0
bitdefender_net,tuuid,True,False,True,EasyPrivacy,third_party,False,0
bitdefender_net,tuuid_lu,True,False,True,EasyPrivacy,third_party,False,0
letsporn_com,sync_cookie_csrf,True,False,True,EasyPrivacy,third_party,False,0
letsporn_com,sync_cookie_csrf,True,False,True,EasyPrivacy,third_party,False,0
letsporn_com,sync_cookie_csrf_secondary,True,False,True,EasyPrivacy,third_party,False,0
letsporn_com,sync_cookie_csrf_secondary,True,False,True,EasyPrivacy,third_party,False,0
letsporn_com,sync_cookie_ok_secondary,True,False,True,EasyPrivacy,third_party,False,0
hochi_news,gckp,True,False,True,EasyPrivacy,third_party,False,0
ivi_ru,sync_cookie_csrf,True,False,True,EasyPrivacy,third_party,False,0
ivi_ru,guid,True,False,True,EasyPrivacy,third_party,False,0
ivi_ru,sync_cookie_csrf,True,False,True,EasyPrivacy,third_party,False,0
ivi_ru,_TADUID,True,False,True,EasyPrivacy,third_party,False,0
ivi_ru,sync_cookie_csrf_secondary,True,False,True,EasyPrivacy,third_party,False,0
ivi_ru,sync_cookie_csrf_secondary,True,False,True,EasyPrivacy,third_party,False,0
ivi_ru,sync_cookie_ok_secondary,True,False,True,EasyPrivacy,third_party,False,0
ivi_ru,__flocktory-web_session2,True,False,True,EasyPrivacy,third_party,False,0
taboola_com,_vwo_uuid_v2,True,False,True,EasyPrivacy,first_party,False,0
taboola_com,_vwo_uuid,True,False,True,EasyPrivacy,first_party,False,0
taboola_com,_vis_opt_s,True,False,True,EasyPrivacy,first_party,False,0
taboola_com,_vis_opt_test_cookie,True,False,True,EasyPrivacy,first_party,True,0
taboola_com,__cmpcccx108458,True,False,True,EasyPrivacy,first_party,False,0
taboola_com,tbp-consent,True,False,True,EasyPrivacy,first_party,False,0
taboola_com,d_id,True,False,True,EasyPrivacy,first_party,False,0
taboola_com,initialTrafficSource,True,False,True,EasyPrivacy,first_party,False,0
taboola_com,lastTrafficSource,True,False,True,EasyPrivacy,first_party,False,0
taboola_com,__utmzzses,True,False,True,EasyPrivacy,first_party,False,0
taboola_com,GA_Last_Browser__c,True,False,True,EasyPrivacy,first_party,False,0
taboola_com,GA_Last_Operating_System__c,True,False,True,EasyPrivacy,first_party,False,0
taboola_com,GA_Last_Device_Category__c,True,False,True,EasyPrivacy,first_party,False,0
taboola_com,GA_Count_Countries__c,True,False,True,EasyPrivacy,first_party,False,0
taboola_com,previewsSiteCountryCode,True,False,True,EasyPrivacy,first_party,False,0
litnet_com,sync_cookie_csrf,True,False,True,EasyPrivacy,third_party,False,0
litnet_com,sync_cookie_csrf,True,False,True,EasyPrivacy,third_party,False,0
litnet_com,sync_cookie_ok,True,False,True,EasyPrivacy,third_party,False,0
dynatrace_com,OptanonConsent,True,False,True,EasyPrivacy,first_party,False,0
emaktab_uz,sync_cookie_csrf,True,False,True,EasyPrivacy,third_party,False,0
emaktab_uz,sync_cookie_csrf,True,False,True,EasyPrivacy,third_party,False,0
emaktab_uz,sync_cookie_csrf_secondary,True,False,True,EasyPrivacy,third_party,False,0
emaktab_uz,sync_cookie_csrf_secondary,True,False,True,EasyPrivacy,third_party,False,0
emaktab_uz,sync_cookie_ok_secondary,True,False,True,EasyPrivacy,third_party,False,0
newrelic_com,nr_lang,True,False,True,EasyPrivacy,first_party,True,0
plos_org,__cf_bm,True,False,True,EasyPrivacy,third_party,False,0
plos_org,__cf_bm,True,False,True,EasyPrivacy,third_party,False,0
optimizely_com,optimizelyRumLB,True,False,True,EasyPrivacy,first_party,True,0
optimizely_com,AWSELB,True,False,True,EasyPrivacy,first_party,True,0
optimizely_com,AWSELBCORS,True,False,True,EasyPrivacy,first_party,True,0
amazon_ca,tuuid,True,False,True,EasyPrivacy,third_party,False,0
amazon_ca,c,True,False,True,EasyPrivacy,third_party,False,0
amazon_ca,tuuid_lu,True,False,True,EasyPrivacy,third_party,False,0
amazon_ca,zc,True,False,True,EasyPrivacy,third_party,False,0
amazon_ca,demdex,True,False,True,EasyPrivacy,third_party,False,0
amazon_ca,dpm,True,False,True,EasyPrivacy,third_party,False,0
amazon_ca,SEUNCY,True,False,True,EasyPrivacy,third_party,False,0
criteo_com,STYXKEY_geo_cc,True,False,True,EasyPrivacy,first_party,False,0
criteo_com,STYXKEY_geo_cc,True,False,True,EasyPrivacy,first_party,False,0
criteo_com,pi_opt_in126241,True,False,True,EasyPrivacy,first_party,False,0
criteo_com,pi_opt_in126241,True,False,True,EasyPrivacy,first_party,False,0
sex-studentki_team,sync_cookie_csrf,True,False,True,EasyPrivacy,third_party,False,0
sex-studentki_team,sync_cookie_csrf,True,False,True,EasyPrivacy,third_party,False,0
sex-studentki_team,sync_cookie_csrf_secondary,True,False,True,EasyPrivacy,third_party,False,0
sex-studentki_team,sync_cookie_csrf_secondary,True,False,True,EasyPrivacy,third_party,False,0
sex-studentki_team,sync_cookie_ok_secondary,True,False,True,EasyPrivacy,third_party,False,0
ngenix_net,sync_cookie_csrf,True,False,True,EasyPrivacy,third_party,False,0
ngenix_net,sync_cookie_csrf,True,False,True,EasyPrivacy,third_party,False,0
ngenix_net,sync_cookie_csrf_secondary,True,False,True,EasyPrivacy,third_party,False,0
ngenix_net,sync_cookie_csrf_secondary,True,False,True,EasyPrivacy,third_party,False,0
ngenix_net,sync_cookie_ok_secondary,True,False,True,EasyPrivacy,third_party,False,0
kingbokep_tv,sync_cookie_csrf,True,False,True,EasyPrivacy,third_party,False,0
kingbokep_tv,sync_cookie_csrf,True,False,True,EasyPrivacy,third_party,False,0
kingbokep_tv,sync_cookie_csrf_secondary,True,False,True,EasyPrivacy,third_party,False,0
kingbokep_tv,sync_cookie_csrf_secondary,True,False,True,EasyPrivacy,third_party,False,0
kingbokep_tv,sync_cookie_ok_secondary,True,False,True,EasyPrivacy,third_party,False,0
rt_ru,sync_cookie_csrf,True,False,True,EasyPrivacy,third_party,False,0
rt_ru,sync_cookie_csrf,True,False,True,EasyPrivacy,third_party,False,0
rt_ru,sync_cookie_csrf_secondary,True,False,True,EasyPrivacy,third_party,False,0
rt_ru,sync_cookie_csrf_secondary,True,False,True,EasyPrivacy,third_party,False,0
rt_ru,sync_cookie_ok_secondary,True,False,True,EasyPrivacy,third_party,False,0
repubblica_it,IMRID,True,False,True,EasyPrivacy,third_party,False,0
ilmeteo_it,IMRID,True,False,True,EasyPrivacy,third_party,False,0
lemonde_fr,lmd_rand_id,True,False,True,EasyPrivacy,first_party,False,0
lemonde_fr,atauthority,True,False,True,EasyPrivacy,first_party,False,0
lemonde_fr,pa_privacy,True,False,True,EasyPrivacy,first_party,False,0
lemonde_fr,lmd_consent_tmp,True,False,True,EasyPrivacy,first_party,False,0
lemonde_fr,_pctx,True,False,True,EasyPrivacy,first_party,False,0
lemonde_fr,atidx,True,False,True,EasyPrivacy,first_party,False,0
lemonde_fr,atid,True,False,True,EasyPrivacy,first_party,False,0
lemonde_fr,lmd_pa,True,False,True,EasyPrivacy,first_party,False,0
redhat_com,demdex,True,False,True,EasyPrivacy,third_party,False,0
meetup_com,m,True,False,True,EasyPrivacy,third_party,False,0
datadome_co,datadome,True,False,True,EasyPrivacy,first_party,False,0
selectel_ru,sync_cookie_csrf,True,False,True,EasyPrivacy,third_party,False,0
selectel_ru,sync_cookie_csrf,True,False,True,EasyPrivacy,third_party,False,0
rutube_ru,sync_cookie_csrf,True,False,True,EasyPrivacy,third_party,False,0
rutube_ru,sync_cookie_csrf,True,False,True,EasyPrivacy,third_party,False,0
rutube_ru,sync_cookie_ok,True,False,True,EasyPrivacy,third_party,False,0
segment_com,demdex,True,False,True,EasyPrivacy,third_party,False,0
segment_com,dpm,True,False,True,EasyPrivacy,third_party,False,0
segment_com,cg_uuid,True,False,True,EasyPrivacy,third_party,False,0
yandex_kz,sync_cookie_csrf,True,False,True,EasyPrivacy,third_party,False,0
yandex_kz,sync_cookie_csrf,True,False,True,EasyPrivacy,third_party,False,0
yandex_kz,sync_cookie_ok,True,False,True,EasyPrivacy,third_party,False,0
mediatek_com,__cf_bm,True,False,True,EasyPrivacy,third_party,False,0
mediatek_com,__cf_bm,True,False,True,EasyPrivacy,third_party,False,0
spaggiari_eu,__cf_bm,True,False,True,EasyPrivacy,third_party,False,0
spaggiari_eu,__cf_bm,True,False,True,EasyPrivacy,third_party,False,0
amazon_com_mx,tuuid,True,False,True,EasyPrivacy,third_party,False,0
amazon_com_mx,c,True,False,True,EasyPrivacy,third_party,False,0
amazon_com_mx,tuuid_lu,True,False,True,EasyPrivacy,third_party,False,0
amazon_com_mx,zc,True,False,True,EasyPrivacy,third_party,False,0
amazon_com_mx,demdex,True,False,True,EasyPrivacy,third_party,False,0
amazon_com_mx,dpm,True,False,True,EasyPrivacy,third_party,False,0
amazon_com_mx,SEUNCY,True,False,True,EasyPrivacy,third_party,False,0
livechatinc_com,__cf_bm,True,False,True,EasyPrivacy,third_party,False,0
cookielaw_org,__cf_bm,True,False,True,EasyPrivacy,third_party,False,0
cookielaw_org,OptanonConsent,True,False,True,EasyPrivacy,third_party,False,0
rakuten_com,rmuid,True,False,True,EasyPrivacy,third_party,False,0
rakuten_com,suid,True,False,True,EasyPrivacy,third_party,False,0
rakuten_com,_pinterest_ct_ua,True,False,True,EasyPrivacy,third_party,False,0
prnewswire_com,userId,True,False,True,EasyPrivacy,third_party,False,0
prnewswire_com,demdex,True,False,True,EasyPrivacy,third_party,False,0
prnewswire_com,dpm,True,False,True,EasyPrivacy,third_party,False,0
amzn_to,tuuid,True,False,True,EasyPrivacy,third_party,False,0
amzn_to,c,True,False,True,EasyPrivacy,third_party,False,0
amzn_to,tuuid_lu,True,False,True,EasyPrivacy,third_party,False,0
amzn_to,zc,True,False,True,EasyPrivacy,third_party,False,0
amzn_to,demdex,True,False,True,EasyPrivacy,third_party,False,0
amzn_to,dpm,True,False,True,EasyPrivacy,third_party,False,0
amzn_to,SEUNCY,True,False,True,EasyPrivacy,third_party,False,0
avast_com,demdex,True,False,True,EasyPrivacy,third_party,False,0
inmobi_com,__cf_bm,True,False,True,EasyPrivacy,third_party,False,0
inmobi_com,__cf_bm,True,False,True,EasyPrivacy,third_party,False,0
inmobi_com,tuuid,True,False,True,EasyPrivacy,third_party,False,0
inmobi_com,tuuid_lu,True,False,True,EasyPrivacy,third_party,False,0
inmobi_com,TapAd_TS,True,False,True,EasyPrivacy,third_party,False,0
inmobi_com,TapAd_DID,True,False,True,EasyPrivacy,third_party,False,0
inmobi_com,TapAd_3WAY_SYNCS,True,False,True,EasyPrivacy,third_party,False,0
24h_com_vn,uid,True,False,True,EasyPrivacy,third_party,False,0
forter_com,userId,True,False,True,EasyPrivacy,third_party,False,0
forter_com,__cf_bm,True,False,True,EasyPrivacy,first_party,False,0
forter_com,_gcl_au,True,False,True,EasyPrivacy,first_party,False,0
forter_com,OptanonConsent,True,False,True,EasyPrivacy,first_party,False,0
meethue_com,demdex,True,False,True,EasyPrivacy,third_party,False,0
meethue_com,dextp,True,False,True,EasyPrivacy,third_party,False,0
meethue_com,dpm,True,False,True,EasyPrivacy,third_party,False,0
illuminateed_com,6suuid,True,False,True,EasyPrivacy,third_party,False,0
statcounter_com,PHPSESSID,True,False,True,EasyPrivacy,first_party,False,0
statcounter_com,_ga_ZB9RD886EM,True,False,True,EasyPrivacy,first_party,False,0
statcounter_com,landing,True,False,True,EasyPrivacy,first_party,False,0
statcounter_com,sc_is_visitor_unique,True,False,True,EasyPrivacy,first_party,False,0
statcounter_com,is_unique_1,True,False,True,EasyPrivacy,first_party,False,0
statcounter_com,is_unique,True,False,True,EasyPrivacy,first_party,False,0
statcounter_com,is_visitor_unique,True,False,True,EasyPrivacy,first_party,False,0
kakuyomu_jp,uid,True,False,True,EasyPrivacy,third_party,False,0
kakuyomu_jp,t,True,False,True,EasyPrivacy,third_party,False,0
liftoff_io,__cf_bm,True,False,True,EasyPrivacy,third_party,False,0
liftoff_io,__cf_bm,True,False,True,EasyPrivacy,third_party,False,0
liftoff_io,_BUID,True,False,True,EasyPrivacy,third_party,False,0
walmart_com,uid,True,False,True,EasyPrivacy,third_party,False,0
itmedia_co_jp,gckp,True,False,True,EasyPrivacy,third_party,False,0
itmedia_co_jp,demdex,True,False,True,EasyPrivacy,third_party,False,0
itmedia_co_jp,dpm,True,False,True,EasyPrivacy,third_party,False,0
trilltrill_jp,dcam_global_id,True,False,True,EasyPrivacy,third_party,False,0
sitescout_com,ab,True,False,True,EasyPrivacy,third_party,False,0
sitescout_com,u,True,False,True,EasyPrivacy,third_party,False,0
sitescout_com,trd_gavid_2759,True,False,True,EasyPrivacy,third_party,False,0
sitescout_com,trd_gvid,True,False,True,EasyPrivacy,third_party,False,0
sitescout_com,trd_vid_2759,True,False,True,EasyPrivacy,third_party,False,0
box_com,demdex,True,False,True,EasyPrivacy,third_party,False,0
box_com,boxinc!mboxSession,True,False,True,EasyPrivacy,third_party,False,0
box_com,boxinc!mboxPC,True,False,True,EasyPrivacy,third_party,False,0
box_com,6suuid,True,False,True,EasyPrivacy,third_party,False,0
box_com,dpm,True,False,True,EasyPrivacy,third_party,False,0
t-mobile_com,X-AB,True,False,True,EasyPrivacy,third_party,False,0
bitrix24_ru,sync_cookie_csrf,True,False,True,EasyPrivacy,third_party,False,0
bitrix24_ru,sync_cookie_csrf,True,False,True,EasyPrivacy,third_party,False,0
bitrix24_ru,sync_cookie_csrf_secondary,True,False,True,EasyPrivacy,third_party,False,0
bitrix24_ru,sync_cookie_csrf_secondary,True,False,True,EasyPrivacy,third_party,False,0
bitrix24_ru,sync_cookie_ok_secondary,True,False,True,EasyPrivacy,third_party,False,0
rat_xxx,sync_cookie_csrf,True,False,True,EasyPrivacy,third_party,False,0
rat_xxx,sync_cookie_csrf,True,False,True,EasyPrivacy,third_party,False,0
rat_xxx,sync_cookie_csrf_secondary,True,False,True,EasyPrivacy,third_party,False,0
rat_xxx,sync_cookie_csrf_secondary,True,False,True,EasyPrivacy,third_party,False,0
rat_xxx,sync_cookie_ok_secondary,True,False,True,EasyPrivacy,third_party,False,0
nytimes_com,sessionActive,True,False,True,EasyPrivacy,first_party,False,0
nytimes_com,sessionIndex,True,False,True,EasyPrivacy,first_party,False,0
nytimes_com,et-ppvid,True,False,True,EasyPrivacy,first_party,False,0
hbr_org,demdex,True,False,True,EasyPrivacy,third_party,False,0
hbr_org,dpm,True,False,True,EasyPrivacy,third_party,False,0
sedo_com,taboola_session_id,True,False,True,EasyPrivacy,third_party,True,0
sedo_com,t_gid,True,False,True,EasyPrivacy,third_party,False,0
sedo_com,t_pt_gid,True,False,True,EasyPrivacy,third_party,False,0
wpguardian_com,__cf_bm,True,False,True,EasyPrivacy,third_party,False,0
dmm_co_jp,uid,True,False,True,EasyPrivacy,third_party,False,0
plesk_com,TapAd_TS,True,False,True,EasyPrivacy,third_party,False,0
plesk_com,TapAd_DID,True,False,True,EasyPrivacy,third_party,False,0
plesk_com,TapAd_3WAY_SYNCS,True,False,True,EasyPrivacy,third_party,False,0
aajtak_in,__cf_bm,True,False,True,EasyPrivacy,third_party,False,0
aajtak_in,IZCID,True,False,True,EasyPrivacy,third_party,False,0
poste_it,demdex,True,False,True,EasyPrivacy,third_party,False,0
poste_it,dpm,True,False,True,EasyPrivacy,third_party,False,0
ebay_com,X-AB,True,False,True,EasyPrivacy,third_party,False,0
ebay_com,uid,True,False,True,EasyPrivacy,third_party,False,0
ebay_com,_pinterest_ct_ua,True,False,True,EasyPrivacy,third_party,False,0
livejournal_com,guid,True,False,True,EasyPrivacy,third_party,False,0
livejournal_com,sync_cookie_csrf,True,False,True,EasyPrivacy,third_party,False,0
livejournal_com,sync_cookie_csrf,True,False,True,EasyPrivacy,third_party,False,0
livejournal_com,sync_cookie_csrf,True,False,True,EasyPrivacy,third_party,False,0
livejournal_com,sync_cookie_ok,True,False,True,EasyPrivacy,third_party,False,0
livejournal_com,suuid3,True,False,True,EasyPrivacy,third_party,False,0
livejournal_com,tuuid,True,False,True,EasyPrivacy,third_party,False,0
livejournal_com,c,True,False,True,EasyPrivacy,third_party,False,0
livejournal_com,tuuid_lu,True,False,True,EasyPrivacy,third_party,False,0
livejournal_com,session_tptc,True,False,True,EasyPrivacy,third_party,False,0
livejournal_com,viuserid,True,False,True,EasyPrivacy,third_party,False,0
livejournal_com,user_id,True,False,True,EasyPrivacy,third_party,False,0
paloaltonetworks_com,demdex,True,False,True,EasyPrivacy,third_party,False,0
gdz-raketa_ru,sync_cookie_csrf,True,False,True,EasyPrivacy,third_party,False,0
gdz-raketa_ru,sync_cookie_csrf,True,False,True,EasyPrivacy,third_party,False,0
gdz-raketa_ru,sync_cookie_ok,True,False,True,EasyPrivacy,third_party,False,0
gdz-raketa_ru,demdex,True,False,True,EasyPrivacy,third_party,False,0
gdz-raketa_ru,guid,True,False,True,EasyPrivacy,third_party,False,0
gdz-raketa_ru,test_cookie,True,False,True,EasyPrivacy,third_party,False,0
gdz-raketa_ru,aid,True,False,True,EasyPrivacy,third_party,False,0
gdz-raketa_ru,dpm,True,False,True,EasyPrivacy,third_party,False,0
gdz-raketa_ru,cSyncDp14v4,True,False,True,EasyPrivacy,third_party,False,0
gdz-raketa_ru,tuuid,True,False,True,EasyPrivacy,third_party,False,0
gdz-raketa_ru,c,True,False,True,EasyPrivacy,third_party,False,0
gdz-raketa_ru,tuuid_lu,True,False,True,EasyPrivacy,third_party,False,0
gdz-raketa_ru,viuserid,True,False,True,EasyPrivacy,third_party,False,0
gdz-raketa_ru,_TADUID,True,False,True,EasyPrivacy,third_party,False,0
gdz-raketa_ru,suuid3,True,False,True,EasyPrivacy,third_party,False,0
gdz-raketa_ru,session_tptc,True,False,True,EasyPrivacy,third_party,False,0
gdz-raketa_ru,user_id,True,False,True,EasyPrivacy,third_party,False,0
corriere_it,IMRID,True,False,True,EasyPrivacy,third_party,False,0
corriere_it,demdex,True,False,True,EasyPrivacy,third_party,False,0
corriere_it,dpm,True,False,True,EasyPrivacy,third_party,False,0
corriere_it,gckp,True,False,True,EasyPrivacy,third_party,False,0
xnxx_health,sync_cookie_csrf,True,False,True,EasyPrivacy,third_party,False,0
xnxx_health,sync_cookie_csrf,True,False,True,EasyPrivacy,third_party,False,0
xnxx_health,sync_cookie_csrf_secondary,True,False,True,EasyPrivacy,third_party,False,0
xnxx_health,sync_cookie_csrf_secondary,True,False,True,EasyPrivacy,third_party,False,0
xnxx_health,sync_cookie_ok_secondary,True,False,True,EasyPrivacy,third_party,False,0
hdtube_porn,sync_cookie_csrf,True,False,True,EasyPrivacy,third_party,False,0
hdtube_porn,sync_cookie_csrf,True,False,True,EasyPrivacy,third_party,False,0
hdtube_porn,sync_cookie_csrf_secondary,True,False,True,EasyPrivacy,third_party,False,0
hdtube_porn,sync_cookie_csrf_secondary,True,False,True,EasyPrivacy,third_party,False,0
hdtube_porn,sync_cookie_ok_secondary,True,False,True,EasyPrivacy,third_party,False,0
amazon_in,tuuid,True,False,True,EasyPrivacy,third_party,False,0
amazon_in,c,True,False,True,EasyPrivacy,third_party,False,0
amazon_in,tuuid_lu,True,False,True,EasyPrivacy,third_party,False,0
amazon_in,zc,True,False,True,EasyPrivacy,third_party,False,0
amazon_in,demdex,True,False,True,EasyPrivacy,third_party,False,0
amazon_in,dpm,True,False,True,EasyPrivacy,third_party,False,0
amazon_in,SEUNCY,True,False,True,EasyPrivacy,third_party,False,0
inps_it,demdex,True,False,True,EasyPrivacy,third_party,False,0
cpanel_net,__cf_bm,True,False,True,EasyPrivacy,third_party,False,0
cpanel_net,TapAd_TS,True,False,True,EasyPrivacy,third_party,False,0
cpanel_net,TapAd_DID,True,False,True,EasyPrivacy,third_party,False,0
cpanel_net,TapAd_3WAY_SYNCS,True,False,True,EasyPrivacy,third_party,False,0
washington_edu,ab,True,False,True,EasyPrivacy,third_party,False,0
washington_edu,u,True,False,True,EasyPrivacy,third_party,False,0
elconfidencial_com,uid,True,False,True,EasyPrivacy,third_party,False,0
elconfidencial_com,uuid,True,False,True,EasyPrivacy,third_party,False,0
pusher_com,__cf_bm,True,False,True,EasyPrivacy,third_party,False,0
pusher_com,__cf_bm,True,False,True,EasyPrivacy,third_party,False,0
no-ip_com,__cf_bm,True,False,True,EasyPrivacy,third_party,False,0
nationalgeographic_com,JSESSIONID,True,False,True,EasyPrivacy,third_party,True,0
championat_com,guid,True,False,True,EasyPrivacy,third_party,False,0
championat_com,sync_cookie_csrf,True,False,True,EasyPrivacy,third_party,False,0
championat_com,sync_cookie_csrf,True,False,True,EasyPrivacy,third_party,False,0
championat_com,sync_cookie_csrf,True,False,True,EasyPrivacy,third_party,False,0
championat_com,sync_cookie_ok,True,False,True,EasyPrivacy,third_party,False,0
championat_com,sync_cookie_ok,True,False,True,EasyPrivacy,third_party,False,0
championat_com,session_tptc,True,False,True,EasyPrivacy,third_party,False,0
championat_com,user_id,True,False,True,EasyPrivacy,third_party,False,0
championat_com,suuid3,True,False,True,EasyPrivacy,third_party,False,0
championat_com,viuserid,True,False,True,EasyPrivacy,third_party,False,0
championat_com,tuuid,True,False,True,EasyPrivacy,third_party,False,0
championat_com,c,True,False,True,EasyPrivacy,third_party,False,0
championat_com,tuuid_lu,True,False,True,EasyPrivacy,third_party,False,0
agora_io,__cf_bm,True,False,True,EasyPrivacy,third_party,False,0
agora_io,__cf_bm,True,False,True,EasyPrivacy,third_party,False,0
mat6tube_com,sync_cookie_csrf,True,False,True,EasyPrivacy,third_party,False,0
mat6tube_com,sync_cookie_csrf,True,False,True,EasyPrivacy,third_party,False,0
mat6tube_com,sync_cookie_ok,True,False,True,EasyPrivacy,third_party,False,0
moengage_com,__cf_bm,True,False,True,EasyPrivacy,first_party,False,0
moengage_com,cookieyes-consent,True,False,True,EasyPrivacy,first_party,False,0
moengage_com,nitroCachedPage,True,False,True,EasyPrivacy,first_party,True,0
moengage_com,PHPSESSID,True,False,True,EasyPrivacy,first_party,True,0
scribd_com,m,True,False,True,EasyPrivacy,third_party,False,0
rbc_ru,guid,True,False,True,EasyPrivacy,third_party,False,0
rbc_ru,sync_cookie_csrf,True,False,True,EasyPrivacy,third_party,False,0
rbc_ru,sync_cookie_csrf,True,False,True,EasyPrivacy,third_party,False,0
rbc_ru,sync_cookie_ok,True,False,True,EasyPrivacy,third_party,False,0
taobao_com,cna,True,False,True,EasyPrivacy,third_party,False,0
taobao_com,sca,True,False,True,EasyPrivacy,third_party,True,0
taobao_com,v1,True,False,True,EasyPrivacy,third_party,False,0
taobao_com,tbsa,True,False,True,EasyPrivacy,third_party,True,0
taobao_com,atpsida,True,False,True,EasyPrivacy,third_party,True,0
linkedin_com,_pxvid,True,False,True,EasyPrivacy,third_party,False,0
linkedin_com,_px3,True,False,True,EasyPrivacy,third_party,False,0
linkedin_com,pxcts,True,False,True,EasyPrivacy,third_party,True,0
f5_com,demdex,True,False,True,EasyPrivacy,third_party,False,0
usercentrics_eu,taboola_session_id,True,False,True,EasyPrivacy,third_party,True,0
usercentrics_eu,t_gid,True,False,True,EasyPrivacy,third_party,False,0
usercentrics_eu,t_pt_gid,True,False,True,EasyPrivacy,third_party,False,0
ynet_co_il,uid,True,False,True,EasyPrivacy,third_party,False,0
sondakika_com,receive-cookie-deprecation,True,False,True,EasyPrivacy,third_party,False,0
sondakika_com,Gtest,True,False,True,EasyPrivacy,third_party,False,0
sondakika_com,Gdynp,True,False,True,EasyPrivacy,third_party,False,0
sondakika_com,apuid,True,False,True,EasyPrivacy,third_party,False,0
sondakika_com,sync_cookie_csrf,True,False,True,EasyPrivacy,third_party,False,0
sondakika_com,sync_cookie_csrf,True,False,True,EasyPrivacy,third_party,False,0
sondakika_com,sync_cookie_csrf_secondary,True,False,True,EasyPrivacy,third_party,False,0
sondakika_com,sync_cookie_csrf_secondary,True,False,True,EasyPrivacy,third_party,False,0
sondakika_com,sync_cookie_ok_secondary,True,False,True,EasyPrivacy,third_party,False,0
sondakika_com,uid,True,False,True,EasyPrivacy,third_party,False,0
sondakika_com,uid,True,False,True,EasyPrivacy,third_party,False,0
sondakika_com,equativ,True,False,True,EasyPrivacy,third_party,False,0
sondakika_com,iqm.retarget.uid,True,False,True,EasyPrivacy,third_party,False,0
sondakika_com,uuid,True,False,True,EasyPrivacy,third_party,False,0
sondakika_com,tuuid,True,False,True,EasyPrivacy,third_party,False,0
sondakika_com,tuuid_lu,True,False,True,EasyPrivacy,third_party,False,0
sondakika_com,uid,True,False,True,EasyPrivacy,third_party,False,0
ys7_com,HMACCOUNT_BFESS,True,False,True,EasyPrivacy,third_party,False,0
free_fr,X-AB,True,False,True,EasyPrivacy,third_party,False,0
imgsrc_ru,sync_cookie_csrf,True,False,True,EasyPrivacy,third_party,False,0
imgsrc_ru,sync_cookie_csrf,True,False,True,EasyPrivacy,third_party,False,0
imgsrc_ru,sync_cookie_csrf_secondary,True,False,True,EasyPrivacy,third_party,False,0
imgsrc_ru,sync_cookie_csrf_secondary,True,False,True,EasyPrivacy,third_party,False,0
imgsrc_ru,sync_cookie_ok_secondary,True,False,True,EasyPrivacy,third_party,False,0
aniview_com,__cf_bm,True,False,True,EasyPrivacy,third_party,False,0
appier_net,__cf_bm,True,False,True,EasyPrivacy,third_party,False,0
appier_net,__cf_bm,True,False,True,EasyPrivacy,third_party,False,0
ultradns_com,_BUID,True,False,True,EasyPrivacy,third_party,False,0
ultradns_com,demdex,True,False,True,EasyPrivacy,third_party,False,0
ultradns_com,6suuid,True,False,True,EasyPrivacy,third_party,False,0
ultradns_com,dpm,True,False,True,EasyPrivacy,third_party,False,0
umn_edu,tt,True,False,True,EasyPrivacy,third_party,False,0
abovedomains_com,__cf_bm,True,False,True,EasyPrivacy,third_party,False,0
abovedomains_com,__cf_bm,True,False,True,EasyPrivacy,third_party,False,0
bandcamp_com,m,True,False,True,EasyPrivacy,third_party,False,0
vtb_ru,sync_cookie_csrf,True,False,True,EasyPrivacy,third_party,False,0
vtb_ru,sync_cookie_csrf,True,False,True,EasyPrivacy,third_party,False,0
vtb_ru,viuserid,True,False,True,EasyPrivacy,third_party,False,0
avira_com,demdex,True,False,True,EasyPrivacy,third_party,False,0
betika_com,X-AB,True,False,True,EasyPrivacy,third_party,False,0
betika_com,bitoIsSecure,True,False,True,EasyPrivacy,third_party,False,0
betika_com,bito,True,False,True,EasyPrivacy,third_party,False,0
branch_io,__cf_bm,True,False,True,EasyPrivacy,first_party,False,0
branch_io,_vwo_consent,True,False,True,EasyPrivacy,first_party,False,0
branch_io,_vwo_uuid_v2,True,False,True,EasyPrivacy,first_party,False,0
branch_io,_gcl_au,True,False,True,EasyPrivacy,first_party,False,0
branch_io,bnc_returning_visitor,True,False,True,EasyPrivacy,first_party,False,0
branch_io,_vwo_uuid,True,False,True,EasyPrivacy,first_party,False,0
branch_io,_rdt_uuid,True,False,True,EasyPrivacy,first_party,False,0
branch_io,_vis_opt_s,True,False,True,EasyPrivacy,first_party,False,0
branch_io,_vis_opt_test_cookie,True,False,True,EasyPrivacy,first_party,True,0
branch_io,OptanonConsent,True,False,True,EasyPrivacy,first_party,False,0
fwmrm_net,bitoIsSecure,True,False,True,EasyPrivacy,third_party,False,0
fwmrm_net,bito,True,False,True,EasyPrivacy,third_party,False,0
mts_ru,sync_cookie_csrf,True,False,True,EasyPrivacy,third_party,False,0
mts_ru,sync_cookie_csrf,True,False,True,EasyPrivacy,third_party,False,0
mts_ru,sync_cookie_csrf_secondary,True,False,True,EasyPrivacy,third_party,False,0
mts_ru,sync_cookie_csrf_secondary,True,False,True,EasyPrivacy,third_party,False,0
mts_ru,sync_cookie_ok_secondary,True,False,True,EasyPrivacy,third_party,False,0
vungle_com,__cf_bm,True,False,True,EasyPrivacy,third_party,False,0
vungle_com,__cf_bm,True,False,True,EasyPrivacy,third_party,False,0
vungle_com,_BUID,True,False,True,EasyPrivacy,third_party,False,0
simpcity_cr,__ddg2,True,False,True,EasyPrivacy,third_party,False,0
cnn_com,gckp,True,False,True,EasyPrivacy,third_party,False,0
cnn_com,m,True,False,True,EasyPrivacy,third_party,False,0
msn_com,_C_Auth,True,False,True,EasyPrivacy,first_party,True,0
tabor_ru,sync_cookie_csrf,True,False,True,EasyPrivacy,third_party,False,0
tabor_ru,sync_cookie_csrf,True,False,True,EasyPrivacy,third_party,False,0
tabor_ru,sync_cookie_csrf_secondary,True,False,True,EasyPrivacy,third_party,False,0
tabor_ru,sync_cookie_csrf_secondary,True,False,True,EasyPrivacy,third_party,False,0
tabor_ru,sync_cookie_ok_secondary,True,False,True,EasyPrivacy,third_party,False,0
elmundo_es,gckp,True,False,True,EasyPrivacy,third_party,False,0
worldbank_org,demdex,True,False,True,EasyPrivacy,third_party,False,0
worldbank_org,dpm,True,False,True,EasyPrivacy,third_party,False,0
gismeteo_ru,sync_cookie_csrf,True,False,True,EasyPrivacy,third_party,False,0
gismeteo_ru,sync_cookie_csrf,True,False,True,EasyPrivacy,third_party,False,0
gismeteo_ru,sync_cookie_ok,True,False,True,EasyPrivacy,third_party,False,0
dlsite_com,gid,True,False,True,EasyPrivacy,third_party,False,0
navitime_co_jp,receive-cookie-deprecation,True,False,True,EasyPrivacy,third_party,False,0
navitime_co_jp,imid_created_secure,True,False,True,EasyPrivacy,third_party,False,0
navitime_co_jp,imid_secure,True,False,True,EasyPrivacy,third_party,False,0
navitime_co_jp,dc_id,True,False,True,EasyPrivacy,third_party,False,0
navitime_co_jp,_td_global,True,False,True,EasyPrivacy,third_party,False,0
navitime_co_jp,uid,True,False,True,EasyPrivacy,third_party,False,0
navitime_co_jp,suid,True,False,True,EasyPrivacy,third_party,False,0
navitime_co_jp,t,True,False,True,EasyPrivacy,third_party,False,0
betking_com,uuid,True,False,True,EasyPrivacy,third_party,False,0
betking_com,slfp,True,False,True,EasyPrivacy,third_party,False,0
betking_com,geid,True,False,True,EasyPrivacy,third_party,False,0
betking_com,bitoIsSecure,True,False,True,EasyPrivacy,third_party,False,0
betking_com,bito,True,False,True,EasyPrivacy,third_party,False,0
att_com,demdex,True,False,True,EasyPrivacy,third_party,False,0
att_com,zync-uuid,True,False,True,EasyPrivacy,third_party,False,0
att_com,sd-session-id,True,False,True,EasyPrivacy,third_party,False,0
att_com,ab,True,False,True,EasyPrivacy,third_party,False,0
att_com,u,True,False,True,EasyPrivacy,third_party,False,0
edna_ru,sync_cookie_csrf,True,False,True,EasyPrivacy,third_party,False,0
edna_ru,sync_cookie_csrf,True,False,True,EasyPrivacy,third_party,False,0
edna_ru,sync_cookie_csrf_secondary,True,False,True,EasyPrivacy,third_party,False,0
edna_ru,sync_cookie_csrf_secondary,True,False,True,EasyPrivacy,third_party,False,0
edna_ru,sync_cookie_ok_secondary,True,False,True,EasyPrivacy,third_party,False,0
sectigo_com,m,True,False,True,EasyPrivacy,third_party,False,0
onet_pl,acc_segment_ts,True,False,True,EasyPrivacy,first_party,False,0
onet_pl,ea_uuid,True,False,True,EasyPrivacy,third_party,False,0
onet_pl,acc_segment,True,False,True,EasyPrivacy,third_party,False,0
onet_pl,acc_segment_ts,True,False,True,EasyPrivacy,third_party,False,0
onet_pl,acc_segment,True,False,True,EasyPrivacy,first_party,False,0
onet_pl,gckp,True,False,True,EasyPrivacy,third_party,False,0
onet_pl,receive-cookie-deprecation,True,False,True,EasyPrivacy,third_party,False,0
onet_pl,Gtest,True,False,True,EasyPrivacy,third_party,False,0
onet_pl,Gdynp,True,False,True,EasyPrivacy,third_party,False,0
duckdns_org,AWSALB,True,False,True,EasyPrivacy,first_party,False,0
duckdns_org,AWSALBCORS,True,False,True,EasyPrivacy,first_party,False,0
duckdns_org,JSESSIONID,True,False,True,EasyPrivacy,first_party,True,0
duckdns_org,AWSALB,True,False,True,EasyPrivacy,first_party,False,0
duckdns_org,AWSALBCORS,True,False,True,EasyPrivacy,first_party,False,0
duckdns_org,_ga_JSXTWPPW05,True,False,True,EasyPrivacy,first_party,False,0
rackspace_com,userId,True,False,True,EasyPrivacy,third_party,False,0
rackspace_com,__cf_bm,True,False,True,EasyPrivacy,third_party,False,0
rackspace_com,__cf_bm,True,False,True,EasyPrivacy,third_party,False,0
amazon_co_jp,tuuid,True,False,True,EasyPrivacy,third_party,False,0
amazon_co_jp,c,True,False,True,EasyPrivacy,third_party,False,0
amazon_co_jp,tuuid_lu,True,False,True,EasyPrivacy,third_party,False,0
amazon_co_jp,demdex,True,False,True,EasyPrivacy,third_party,False,0
amazon_co_jp,dpm,True,False,True,EasyPrivacy,third_party,False,0
amazon_co_jp,SEUNCY,True,False,True,EasyPrivacy,third_party,False,0
amazon_co_jp,imid_secure,True,False,True,EasyPrivacy,third_party,False,0
amazon_co_jp,imid_created_secure,True,False,True,EasyPrivacy,third_party,False,0
pravda_com_ua,apuid,True,False,True,EasyPrivacy,third_party,False,0
pravda_com_ua,receive-cookie-deprecation,True,False,True,EasyPrivacy,third_party,False,0
pravda_com_ua,Gtest,True,False,True,EasyPrivacy,third_party,False,0
pravda_com_ua,Gdynp,True,False,True,EasyPrivacy,third_party,False,0
wow_xxx,sync_cookie_csrf,True,False,True,EasyPrivacy,third_party,False,0
wow_xxx,sync_cookie_csrf,True,False,True,EasyPrivacy,third_party,False,0
wow_xxx,sync_cookie_csrf_secondary,True,False,True,EasyPrivacy,third_party,False,0
wow_xxx,sync_cookie_csrf_secondary,True,False,True,EasyPrivacy,third_party,False,0
wow_xxx,sync_cookie_ok_secondary,True,False,True,EasyPrivacy,third_party,False,0
timeweb_ru,sync_cookie_csrf,True,False,True,EasyPrivacy,third_party,False,0
timeweb_ru,sync_cookie_csrf,True,False,True,EasyPrivacy,third_party,False,0
timeweb_ru,sync_cookie_csrf_secondary,True,False,True,EasyPrivacy,third_party,False,0
timeweb_ru,sync_cookie_csrf_secondary,True,False,True,EasyPrivacy,third_party,False,0
timeweb_ru,sync_cookie_ok_secondary,True,False,True,EasyPrivacy,third_party,False,0
amazon_eg,tuuid,True,False,True,EasyPrivacy,third_party,False,0
amazon_eg,c,True,False,True,EasyPrivacy,third_party,False,0
amazon_eg,tuuid_lu,True,False,True,EasyPrivacy,third_party,False,0
amazon_eg,zc,True,False,True,EasyPrivacy,third_party,False,0
amazon_eg,demdex,True,False,True,EasyPrivacy,third_party,False,0
amazon_eg,dpm,True,False,True,EasyPrivacy,third_party,False,0
amazon_eg,SEUNCY,True,False,True,EasyPrivacy,third_party,False,0
conectate_com_do,ac3,True,False,True,EasyPrivacy,third_party,False,0
conectate_com_do,uid,True,False,True,EasyPrivacy,third_party,False,0
conectate_com_do,nid,True,False,True,EasyPrivacy,third_party,False,0
conectate_com_do,uuid,True,False,True,EasyPrivacy,third_party,False,0
connatix_com,__cf_bm,True,False,True,EasyPrivacy,third_party,False,0
connatix_com,__cf_bm,True,False,True,EasyPrivacy,third_party,False,0
apnews_com,BCSessionID,True,False,True,EasyPrivacy,third_party,False,0
apnews_com,AWSALBCORS,True,False,True,EasyPrivacy,third_party,False,0
indeed_com,__cf_bm,True,False,True,EasyPrivacy,first_party,False,0
sun_com,demdex,True,False,True,EasyPrivacy,third_party,False,0
az24_vn,uid,True,False,True,EasyPrivacy,third_party,False,0
az24_vn,tuuid,True,False,True,EasyPrivacy,third_party,False,0
az24_vn,c,True,False,True,EasyPrivacy,third_party,False,0
az24_vn,tuuid_lu,True,False,True,EasyPrivacy,third_party,False,0
adswizz_com,__cf_bm,True,False,True,EasyPrivacy,third_party,False,0
adswizz_com,__cf_bm,True,False,True,EasyPrivacy,third_party,False,0
playhop_com,sync_cookie_csrf,True,False,True,EasyPrivacy,third_party,False,0
playhop_com,sync_cookie_csrf,True,False,True,EasyPrivacy,third_party,False,0
playhop_com,sync_cookie_ok,True,False,True,EasyPrivacy,third_party,False,0
seedtag_com,__cf_bm,True,False,True,EasyPrivacy,third_party,False,0
seedtag_com,__cf_bm,True,False,True,EasyPrivacy,third_party,False,0
datadoghq_com,tuuid,True,False,True,EasyPrivacy,third_party,False,0
datadoghq_com,tuuid_lu,True,False,True,EasyPrivacy,third_party,False,0
nbcnews_com,demdex,True,False,True,EasyPrivacy,third_party,False,0
nbcnews_com,dpm,True,False,True,EasyPrivacy,third_party,False,0
nbcnews_com,dextp,True,False,True,EasyPrivacy,third_party,False,0
nbcnews_com,uid,True,False,True,EasyPrivacy,third_party,False,0
nbcnews_com,gckp,True,False,True,EasyPrivacy,third_party,False,0
mysql_com,eId,True,False,True,EasyPrivacy,third_party,False,0
mysql_com,demdex,True,False,True,EasyPrivacy,third_party,False,0
